Patient Name,Age,Gender,Condition,Medication,Visit Date,Blood Pressure,Cholesterol,Email,Phone Number
david lee,25.0,Other,Heart Disease,METFORMIN,2020-01-15,140/90,200.0,name@hospital.org,555-555-5555
emily davis,45.76694411414982,Male,Diabetes,NONE,,120/80,200.0,no_email@example.com,000-000-0000
laura martinez,35.0,Other,Asthma,METFORMIN,,110/70,160.0,contact@domain.com,000-000-0000
michael wilson,45.76694411414982,Male,Diabetes,ALBUTEROL,2020-01-15,110/70,189.23276983094928,name@hospital.org,555-555-5555
david lee,45.76694411414982,Female,Asthma,NONE,,110/70,180.0,no_email@example.com,
mary clark,45.76694411414982,Male,Hypertension,METFORMIN,,140/90,180.0,no_email@example.com,000-000-0000
robert brown,45.76694411414982,Male,Hypertension,LISINOPRIL,,120/80,189.23276983094928,name@hospital.org,000-000-0000
david lee,60.0,Other,Asthma,NONE,,120/80,189.23276983094928,name@hospital.org,000-000-0000
laura martinez,60.0,Other,Heart Disease,NONE,2020-01-15,140/90,180.0,name@hospital.org,000-000-0000
michael wilson,40.0,Female,Asthma,ALBUTEROL,,140/90,220.0,patient@example.com,555-555-5555
emily davis,25.0,Male,Asthma,ATORVASTATIN,,120/80,200.0,no_email@example.com,
laura martinez,45.76694411414982,Male,Asthma,ATORVASTATIN,,130/85,200.0,name@hospital.org,
laura martinez,40.0,Male,Diabetes,ALBUTEROL,,140/90,180.0,no_email@example.com,123-456-7890
robert brown,25.0,Female,Asthma,ALBUTEROL,,130/85,189.23276983094928,name@hospital.org,000-000-0000
sarah johnson,70.0,Female,Hypertension,ALBUTEROL,,130/85,220.0,no_email@example.com,000-000-0000
michael wilson,35.0,Female,Heart Disease,ATORVASTATIN,,110/70,180.0,no_email@example.com,123-456-7890
jane smith,60.0,Female,Asthma,ALBUTEROL,,120/80,200.0,no_email@example.com,
laura martinez,70.0,Female,Asthma,METFORMIN,,130/85,160.0,contact@domain.com,098-765-4321
sarah johnson,25.0,Other,Diabetes,NONE,2020-01-15,120/80,189.23276983094928,name@hospital.org,098-765-4321
jane smith,70.0,Male,Heart Disease,NONE,,110/70,160.0,contact@domain.com,
michael wilson,35.0,Male,Hypertension,LISINOPRIL,,120/80,180.0,no_email@example.com,000-000-0000
john doe,25.0,Male,Asthma,LISINOPRIL,2020-01-15,140/90,200.0,contact@domain.com,098-765-4321
mary clark,70.0,Male,Asthma,NONE,,130/85,220.0,no_email@example.com,555-555-5555
sarah johnson,60.0,Male,Diabetes,METFORMIN,,120/80,160.0,no_email@example.com,555-555-5555
james taylor,60.0,Male,Asthma,ATORVASTATIN,,120/80,220.0,no_email@example.com,123-456-7890
john doe,40.0,Male,Hypertension,ATORVASTATIN,,120/80,200.0,contact@domain.com,
mary clark,70.0,Male,Heart Disease,METFORMIN,,130/85,160.0,name@hospital.org,
robert brown,45.76694411414982,Other,Asthma,ATORVASTATIN,,110/70,220.0,contact@domain.com,098-765-4321
david lee,70.0,Male,Asthma,ALBUTEROL,,110/70,220.0,name@hospital.org,000-000-0000
emily davis,25.0,Other,Hypertension,NONE,,130/85,160.0,name@hospital.org,
james taylor,25.0,Female,Asthma,NONE,2020-01-15,140/90,200.0,no_email@example.com,098-765-4321
robert brown,70.0,Male,Asthma,METFORMIN,2020-01-15,140/90,220.0,contact@domain.com,098-765-4321
michael wilson,35.0,Female,Hypertension,ATORVASTATIN,,110/70,180.0,name@hospital.org,
robert brown,60.0,Female,Diabetes,LISINOPRIL,,110/70,160.0,no_email@example.com,098-765-4321
david lee,25.0,Female,Asthma,LISINOPRIL,,130/85,189.23276983094928,name@hospital.org,123-456-7890
michael wilson,60.0,Other,Heart Disease,ATORVASTATIN,,140/90,189.23276983094928,no_email@example.com,123-456-7890
james taylor,25.0,Female,Asthma,LISINOPRIL,2020-01-15,110/70,200.0,contact@domain.com,
david lee,40.0,Female,Hypertension,METFORMIN,,140/90,180.0,contact@domain.com,000-000-0000
jane smith,45.76694411414982,Female,Diabetes,METFORMIN,2020-01-15,110/70,220.0,contact@domain.com,123-456-7890
emily davis,25.0,Male,Heart Disease,ATORVASTATIN,,120/80,189.23276983094928,name@hospital.org,123-456-7890
james taylor,60.0,Male,Hypertension,LISINOPRIL,,120/80,200.0,patient@example.com,
jane smith,40.0,Other,Hypertension,METFORMIN,,120/80,180.0,name@hospital.org,555-555-5555
mary clark,25.0,Other,Heart Disease,METFORMIN,2020-01-15,110/70,180.0,name@hospital.org,098-765-4321
james taylor,35.0,Male,Diabetes,ALBUTEROL,,120/80,200.0,no_email@example.com,123-456-7890
mary clark,45.76694411414982,Other,Diabetes,ALBUTEROL,,120/80,200.0,no_email@example.com,555-555-5555
michael wilson,25.0,Male,Asthma,METFORMIN,,110/70,220.0,name@hospital.org,000-000-0000
jane smith,40.0,Female,Asthma,ATORVASTATIN,,110/70,200.0,no_email@example.com,555-555-5555
emily davis,35.0,Female,Heart Disease,NONE,,140/90,220.0,no_email@example.com,
david lee,70.0,Other,Heart Disease,NONE,2020-01-15,110/70,220.0,name@hospital.org,000-000-0000
laura martinez,40.0,Male,Heart Disease,METFORMIN,,130/85,160.0,patient@example.com,000-000-0000
robert brown,40.0,Male,Diabetes,METFORMIN,2020-01-15,110/70,180.0,no_email@example.com,555-555-5555
john doe,35.0,Other,Asthma,METFORMIN,,130/85,180.0,contact@domain.com,
emily davis,40.0,Male,Asthma,ATORVASTATIN,,110/70,180.0,name@hospital.org,123-456-7890
jane smith,35.0,Female,Hypertension,ALBUTEROL,2020-01-15,140/90,160.0,name@hospital.org,555-555-5555
laura martinez,25.0,Other,Hypertension,METFORMIN,,130/85,220.0,no_email@example.com,123-456-7890
emily davis,35.0,Other,Heart Disease,METFORMIN,,120/80,220.0,no_email@example.com,555-555-5555
jane smith,35.0,Male,Asthma,LISINOPRIL,,130/85,200.0,no_email@example.com,123-456-7890
sarah johnson,45.76694411414982,Other,Diabetes,ATORVASTATIN,,140/90,160.0,no_email@example.com,555-555-5555
sarah johnson,35.0,Male,Asthma,METFORMIN,,130/85,200.0,contact@domain.com,000-000-0000
mary clark,35.0,Male,Asthma,LISINOPRIL,,110/70,160.0,no_email@example.com,098-765-4321
emily davis,70.0,Male,Diabetes,NONE,,110/70,200.0,no_email@example.com,000-000-0000
sarah johnson,25.0,Male,Heart Disease,METFORMIN,,140/90,189.23276983094928,no_email@example.com,123-456-7890
jane smith,45.76694411414982,Male,Asthma,METFORMIN,,120/80,180.0,no_email@example.com,
mary clark,70.0,Other,Hypertension,LISINOPRIL,,110/70,180.0,patient@example.com,000-000-0000
jane smith,60.0,Female,Diabetes,ATORVASTATIN,,120/80,220.0,patient@example.com,098-765-4321
mary clark,25.0,Female,Asthma,METFORMIN,2020-01-15,140/90,189.23276983094928,name@hospital.org,123-456-7890
emily davis,25.0,Other,Heart Disease,NONE,,130/85,180.0,name@hospital.org,000-000-0000
laura martinez,60.0,Other,Diabetes,METFORMIN,2020-01-15,130/85,220.0,no_email@example.com,555-555-5555
david lee,35.0,Female,Asthma,NONE,,120/80,189.23276983094928,no_email@example.com,
james taylor,70.0,Female,Asthma,ALBUTEROL,,110/70,180.0,contact@domain.com,123-456-7890
laura martinez,40.0,Female,Asthma,ALBUTEROL,,140/90,200.0,contact@domain.com,000-000-0000
michael wilson,45.76694411414982,Female,Asthma,NONE,,120/80,160.0,patient@example.com,123-456-7890
jane smith,40.0,Female,Asthma,ATORVASTATIN,,110/70,189.23276983094928,name@hospital.org,555-555-5555
michael wilson,60.0,Male,Diabetes,METFORMIN,,140/90,220.0,patient@example.com,098-765-4321
laura martinez,25.0,Other,Diabetes,METFORMIN,,130/85,189.23276983094928,patient@example.com,000-000-0000
mary clark,25.0,Male,Heart Disease,ALBUTEROL,,140/90,220.0,name@hospital.org,123-456-7890
james taylor,45.76694411414982,Female,Asthma,NONE,,120/80,189.23276983094928,contact@domain.com,123-456-7890
james taylor,25.0,Female,Asthma,METFORMIN,,140/90,220.0,name@hospital.org,123-456-7890
john doe,25.0,Female,Hypertension,METFORMIN,,120/80,180.0,no_email@example.com,098-765-4321
james taylor,45.76694411414982,Male,Heart Disease,ATORVASTATIN,2020-01-15,140/90,200.0,no_email@example.com,123-456-7890
david lee,70.0,Male,Diabetes,LISINOPRIL,,120/80,180.0,no_email@example.com,
james taylor,70.0,Female,Heart Disease,ALBUTEROL,,130/85,200.0,no_email@example.com,
laura martinez,45.76694411414982,Male,Heart Disease,ALBUTEROL,2020-01-15,110/70,180.0,contact@domain.com,123-456-7890
john doe,60.0,Male,Heart Disease,LISINOPRIL,,120/80,180.0,contact@domain.com,
laura martinez,25.0,Female,Heart Disease,METFORMIN,,120/80,189.23276983094928,no_email@example.com,000-000-0000
laura martinez,25.0,Male,Hypertension,ATORVASTATIN,,130/85,160.0,patient@example.com,
robert brown,60.0,Other,Asthma,ATORVASTATIN,,120/80,220.0,no_email@example.com,123-456-7890
john doe,70.0,Other,Asthma,ALBUTEROL,,120/80,220.0,no_email@example.com,555-555-5555
laura martinez,35.0,Other,Heart Disease,ATORVASTATIN,,130/85,220.0,patient@example.com,000-000-0000
robert brown,35.0,Other,Heart Disease,LISINOPRIL,,120/80,200.0,name@hospital.org,098-765-4321
robert brown,35.0,Female,Heart Disease,METFORMIN,,130/85,220.0,name@hospital.org,123-456-7890
john doe,70.0,Female,Asthma,LISINOPRIL,,120/80,220.0,contact@domain.com,098-765-4321
michael wilson,70.0,Female,Diabetes,NONE,,120/80,189.23276983094928,no_email@example.com,555-555-5555
mary clark,60.0,Other,Diabetes,ALBUTEROL,,120/80,180.0,contact@domain.com,098-765-4321
david lee,25.0,Other,Hypertension,ATORVASTATIN,,130/85,220.0,name@hospital.org,123-456-7890
mary clark,60.0,Male,Diabetes,NONE,,120/80,160.0,patient@example.com,123-456-7890
james taylor,60.0,Male,Heart Disease,ATORVASTATIN,2020-01-15,120/80,220.0,contact@domain.com,555-555-5555
david lee,70.0,Other,Heart Disease,METFORMIN,,120/80,200.0,no_email@example.com,123-456-7890
james taylor,35.0,Other,Heart Disease,METFORMIN,,120/80,200.0,no_email@example.com,555-555-5555
laura martinez,40.0,Other,Hypertension,METFORMIN,,140/90,200.0,patient@example.com,555-555-5555
jane smith,25.0,Other,Heart Disease,ATORVASTATIN,,130/85,220.0,name@hospital.org,123-456-7890
john doe,70.0,Male,Diabetes,NONE,2020-01-15,130/85,189.23276983094928,no_email@example.com,
david lee,35.0,Other,Asthma,METFORMIN,,120/80,160.0,no_email@example.com,555-555-5555
david lee,40.0,Male,Asthma,NONE,2020-01-15,140/90,220.0,no_email@example.com,123-456-7890
laura martinez,40.0,Other,Asthma,ATORVASTATIN,,120/80,189.23276983094928,contact@domain.com,
michael wilson,70.0,Other,Diabetes,NONE,2020-01-15,110/70,189.23276983094928,name@hospital.org,555-555-5555
robert brown,45.76694411414982,Other,Heart Disease,ATORVASTATIN,2020-01-15,110/70,220.0,contact@domain.com,
laura martinez,25.0,Male,Asthma,ATORVASTATIN,2020-01-15,120/80,220.0,name@hospital.org,000-000-0000
sarah johnson,40.0,Male,Diabetes,ALBUTEROL,,140/90,189.23276983094928,no_email@example.com,000-000-0000
robert brown,70.0,Female,Asthma,ATORVASTATIN,,140/90,189.23276983094928,no_email@example.com,
john doe,70.0,Other,Heart Disease,ATORVASTATIN,,130/85,189.23276983094928,contact@domain.com,555-555-5555
robert brown,35.0,Female,Asthma,LISINOPRIL,2020-01-15,120/80,220.0,no_email@example.com,123-456-7890
michael wilson,45.76694411414982,Female,Asthma,METFORMIN,,140/90,189.23276983094928,name@hospital.org,098-765-4321
robert brown,25.0,Male,Asthma,ALBUTEROL,,110/70,200.0,contact@domain.com,123-456-7890
john doe,60.0,Male,Asthma,ALBUTEROL,2020-01-15,120/80,220.0,contact@domain.com,098-765-4321
michael wilson,35.0,Female,Diabetes,ALBUTEROL,2020-01-15,120/80,200.0,no_email@example.com,098-765-4321
mary clark,40.0,Other,Diabetes,LISINOPRIL,,120/80,180.0,contact@domain.com,555-555-5555
david lee,40.0,Male,Diabetes,ATORVASTATIN,,140/90,220.0,no_email@example.com,
david lee,35.0,Other,Asthma,METFORMIN,2020-01-15,120/80,180.0,no_email@example.com,123-456-7890
james taylor,70.0,Other,Diabetes,NONE,2020-01-15,140/90,189.23276983094928,no_email@example.com,
mary clark,40.0,Female,Heart Disease,ATORVASTATIN,,130/85,189.23276983094928,name@hospital.org,000-000-0000
mary clark,45.76694411414982,Female,Asthma,LISINOPRIL,,120/80,160.0,no_email@example.com,555-555-5555
robert brown,25.0,Female,Heart Disease,ATORVASTATIN,,120/80,189.23276983094928,no_email@example.com,555-555-5555
david lee,45.76694411414982,Female,Diabetes,ATORVASTATIN,,110/70,180.0,patient@example.com,000-000-0000
john doe,40.0,Male,Heart Disease,LISINOPRIL,,120/80,189.23276983094928,patient@example.com,123-456-7890
emily davis,60.0,Male,Diabetes,ALBUTEROL,,140/90,220.0,contact@domain.com,000-000-0000
emily davis,25.0,Female,Asthma,ALBUTEROL,2020-01-15,110/70,189.23276983094928,contact@domain.com,123-456-7890
michael wilson,25.0,Male,Heart Disease,METFORMIN,,120/80,160.0,patient@example.com,098-765-4321
david lee,35.0,Female,Asthma,METFORMIN,,120/80,189.23276983094928,no_email@example.com,555-555-5555
david lee,35.0,Other,Asthma,ALBUTEROL,,130/85,180.0,contact@domain.com,123-456-7890
emily davis,60.0,Other,Hypertension,NONE,,120/80,180.0,no_email@example.com,
david lee,70.0,Other,Diabetes,ATORVASTATIN,,120/80,189.23276983094928,no_email@example.com,
robert brown,25.0,Female,Asthma,NONE,2020-01-15,110/70,180.0,no_email@example.com,555-555-5555
sarah johnson,60.0,Other,Diabetes,ATORVASTATIN,2020-01-15,120/80,180.0,contact@domain.com,000-000-0000
jane smith,35.0,Male,Asthma,ALBUTEROL,,110/70,160.0,no_email@example.com,000-000-0000
mary clark,35.0,Other,Diabetes,METFORMIN,,130/85,220.0,contact@domain.com,123-456-7890
james taylor,25.0,Other,Asthma,METFORMIN,,120/80,160.0,contact@domain.com,000-000-0000
michael wilson,45.76694411414982,Other,Heart Disease,NONE,,120/80,200.0,no_email@example.com,555-555-5555
sarah johnson,40.0,Male,Heart Disease,METFORMIN,,120/80,160.0,patient@example.com,123-456-7890
emily davis,35.0,Female,Hypertension,ALBUTEROL,,110/70,189.23276983094928,no_email@example.com,098-765-4321
mary clark,70.0,Male,Asthma,NONE,,120/80,220.0,no_email@example.com,000-000-0000
david lee,70.0,Female,Asthma,ATORVASTATIN,,120/80,189.23276983094928,name@hospital.org,000-000-0000
james taylor,35.0,Female,Asthma,METFORMIN,,120/80,200.0,no_email@example.com,123-456-7890
david lee,45.76694411414982,Other,Asthma,LISINOPRIL,2020-01-15,130/85,220.0,contact@domain.com,
john doe,45.76694411414982,Female,Asthma,METFORMIN,2020-01-15,120/80,180.0,contact@domain.com,000-000-0000
john doe,60.0,Male,Heart Disease,ATORVASTATIN,,120/80,160.0,no_email@example.com,555-555-5555
james taylor,70.0,Male,Asthma,NONE,,120/80,189.23276983094928,name@hospital.org,000-000-0000
james taylor,60.0,Female,Diabetes,ATORVASTATIN,,140/90,200.0,no_email@example.com,098-765-4321
emily davis,70.0,Other,Asthma,LISINOPRIL,,110/70,180.0,name@hospital.org,000-000-0000
james taylor,40.0,Other,Asthma,ALBUTEROL,,120/80,160.0,name@hospital.org,
robert brown,40.0,Male,Diabetes,METFORMIN,,140/90,180.0,no_email@example.com,000-000-0000
david lee,25.0,Other,Asthma,NONE,2020-01-15,130/85,160.0,contact@domain.com,123-456-7890
sarah johnson,60.0,Female,Diabetes,ALBUTEROL,,110/70,220.0,contact@domain.com,000-000-0000
laura martinez,35.0,Female,Asthma,ATORVASTATIN,,120/80,180.0,name@hospital.org,
james taylor,60.0,Male,Heart Disease,NONE,,120/80,180.0,contact@domain.com,123-456-7890
michael wilson,35.0,Female,Diabetes,ALBUTEROL,,120/80,180.0,patient@example.com,555-555-5555
john doe,45.76694411414982,Male,Hypertension,NONE,,120/80,220.0,name@hospital.org,123-456-7890
robert brown,60.0,Female,Diabetes,LISINOPRIL,,110/70,200.0,contact@domain.com,098-765-4321
mary clark,45.76694411414982,Male,Asthma,LISINOPRIL,,120/80,160.0,patient@example.com,123-456-7890
laura martinez,40.0,Other,Asthma,METFORMIN,,130/85,180.0,no_email@example.com,555-555-5555
sarah johnson,40.0,Female,Asthma,METFORMIN,,120/80,220.0,contact@domain.com,000-000-0000
laura martinez,25.0,Female,Diabetes,LISINOPRIL,2020-01-15,130/85,200.0,patient@example.com,123-456-7890
james taylor,60.0,Male,Heart Disease,NONE,,110/70,160.0,no_email@example.com,123-456-7890
emily davis,45.76694411414982,Male,Hypertension,LISINOPRIL,,110/70,220.0,no_email@example.com,123-456-7890
john doe,35.0,Female,Asthma,METFORMIN,2020-01-15,120/80,160.0,patient@example.com,123-456-7890
john doe,40.0,Male,Asthma,LISINOPRIL,,130/85,180.0,name@hospital.org,555-555-5555
mary clark,40.0,Female,Asthma,LISINOPRIL,,130/85,200.0,name@hospital.org,
emily davis,35.0,Other,Heart Disease,NONE,,140/90,220.0,contact@domain.com,
david lee,45.76694411414982,Male,Asthma,ALBUTEROL,,140/90,200.0,no_email@example.com,123-456-7890
jane smith,45.76694411414982,Female,Diabetes,METFORMIN,,140/90,180.0,name@hospital.org,555-555-5555
robert brown,60.0,Other,Asthma,NONE,,120/80,200.0,name@hospital.org,555-555-5555
john doe,60.0,Other,Heart Disease,LISINOPRIL,,140/90,200.0,no_email@example.com,123-456-7890
michael wilson,70.0,Female,Asthma,LISINOPRIL,,130/85,189.23276983094928,no_email@example.com,098-765-4321
john doe,70.0,Male,Asthma,ALBUTEROL,,120/80,200.0,name@hospital.org,123-456-7890
laura martinez,25.0,Female,Asthma,METFORMIN,,110/70,160.0,patient@example.com,098-765-4321
john doe,40.0,Other,Asthma,METFORMIN,,120/80,220.0,contact@domain.com,123-456-7890
john doe,60.0,Female,Asthma,ATORVASTATIN,,140/90,189.23276983094928,name@hospital.org,098-765-4321
jane smith,45.76694411414982,Male,Asthma,METFORMIN,,110/70,220.0,name@hospital.org,098-765-4321
jane smith,35.0,Other,Heart Disease,ALBUTEROL,,130/85,220.0,no_email@example.com,123-456-7890
sarah johnson,45.76694411414982,Female,Asthma,ATORVASTATIN,,120/80,180.0,patient@example.com,098-765-4321
david lee,40.0,Male,Hypertension,ATORVASTATIN,,110/70,180.0,contact@domain.com,000-000-0000
michael wilson,70.0,Other,Hypertension,LISINOPRIL,2020-01-15,120/80,189.23276983094928,name@hospital.org,
john doe,45.76694411414982,Male,Heart Disease,LISINOPRIL,,140/90,180.0,contact@domain.com,555-555-5555
john doe,25.0,Other,Diabetes,METFORMIN,,130/85,180.0,no_email@example.com,098-765-4321
robert brown,40.0,Female,Diabetes,ATORVASTATIN,,120/80,180.0,name@hospital.org,098-765-4321
jane smith,70.0,Male,Diabetes,LISINOPRIL,,110/70,220.0,name@hospital.org,555-555-5555
michael wilson,35.0,Other,Hypertension,ALBUTEROL,,140/90,189.23276983094928,no_email@example.com,098-765-4321
mary clark,70.0,Male,Diabetes,LISINOPRIL,,140/90,220.0,no_email@example.com,555-555-5555
sarah johnson,25.0,Male,Asthma,LISINOPRIL,2020-01-15,110/70,160.0,name@hospital.org,123-456-7890
david lee,40.0,Female,Asthma,ATORVASTATIN,,110/70,220.0,contact@domain.com,000-000-0000
emily davis,35.0,Male,Hypertension,ATORVASTATIN,,120/80,160.0,patient@example.com,000-000-0000
david lee,25.0,Other,Heart Disease,NONE,,120/80,200.0,contact@domain.com,
laura martinez,70.0,Other,Heart Disease,ALBUTEROL,,140/90,200.0,no_email@example.com,098-765-4321
john doe,25.0,Other,Asthma,ATORVASTATIN,,120/80,160.0,patient@example.com,
sarah johnson,40.0,Other,Hypertension,METFORMIN,,110/70,160.0,contact@domain.com,123-456-7890
laura martinez,60.0,Female,Diabetes,ALBUTEROL,,120/80,220.0,contact@domain.com,000-000-0000
michael wilson,25.0,Male,Diabetes,ALBUTEROL,,110/70,160.0,no_email@example.com,123-456-7890
emily davis,25.0,Female,Asthma,ATORVASTATIN,,130/85,189.23276983094928,no_email@example.com,123-456-7890
jane smith,70.0,Male,Asthma,ALBUTEROL,,110/70,200.0,no_email@example.com,098-765-4321
sarah johnson,70.0,Male,Diabetes,ATORVASTATIN,,110/70,200.0,patient@example.com,123-456-7890
sarah johnson,35.0,Male,Heart Disease,LISINOPRIL,,110/70,160.0,no_email@example.com,000-000-0000
john doe,70.0,Female,Heart Disease,NONE,,120/80,180.0,no_email@example.com,
james taylor,45.76694411414982,Male,Asthma,LISINOPRIL,,110/70,180.0,name@hospital.org,000-000-0000
sarah johnson,40.0,Female,Asthma,ATORVASTATIN,,140/90,160.0,name@hospital.org,098-765-4321
robert brown,40.0,Other,Diabetes,ATORVASTATIN,,140/90,189.23276983094928,patient@example.com,000-000-0000
emily davis,60.0,Other,Asthma,LISINOPRIL,,120/80,180.0,name@hospital.org,555-555-5555
emily davis,60.0,Male,Asthma,METFORMIN,,120/80,160.0,no_email@example.com,
robert brown,40.0,Female,Diabetes,METFORMIN,,120/80,189.23276983094928,patient@example.com,555-555-5555
mary clark,60.0,Other,Diabetes,METFORMIN,,140/90,189.23276983094928,no_email@example.com,555-555-5555
robert brown,35.0,Female,Heart Disease,ATORVASTATIN,2020-01-15,140/90,220.0,patient@example.com,098-765-4321
robert brown,70.0,Female,Asthma,ALBUTEROL,,130/85,189.23276983094928,patient@example.com,123-456-7890
emily davis,40.0,Male,Asthma,ATORVASTATIN,,110/70,180.0,contact@domain.com,555-555-5555
david lee,60.0,Other,Diabetes,ALBUTEROL,,140/90,180.0,contact@domain.com,000-000-0000
emily davis,40.0,Male,Hypertension,LISINOPRIL,,120/80,160.0,patient@example.com,123-456-7890
james taylor,45.76694411414982,Male,Asthma,NONE,,120/80,160.0,name@hospital.org,000-000-0000
john doe,25.0,Other,Asthma,ALBUTEROL,,110/70,189.23276983094928,contact@domain.com,000-000-0000
laura martinez,70.0,Other,Diabetes,METFORMIN,,110/70,200.0,no_email@example.com,123-456-7890
david lee,40.0,Female,Hypertension,ATORVASTATIN,,130/85,220.0,no_email@example.com,123-456-7890
jane smith,25.0,Other,Heart Disease,LISINOPRIL,2020-01-15,120/80,200.0,contact@domain.com,000-000-0000
laura martinez,60.0,Female,Diabetes,METFORMIN,,120/80,189.23276983094928,patient@example.com,098-765-4321
john doe,25.0,Female,Diabetes,LISINOPRIL,,110/70,189.23276983094928,name@hospital.org,
james taylor,70.0,Female,Asthma,NONE,2020-01-15,120/80,200.0,no_email@example.com,
james taylor,40.0,Other,Diabetes,ATORVASTATIN,2020-01-15,110/70,220.0,contact@domain.com,098-765-4321
jane smith,45.76694411414982,Male,Diabetes,ATORVASTATIN,,140/90,200.0,name@hospital.org,123-456-7890
david lee,60.0,Female,Diabetes,NONE,,120/80,160.0,name@hospital.org,000-000-0000
mary clark,40.0,Male,Asthma,ATORVASTATIN,,140/90,180.0,name@hospital.org,
robert brown,70.0,Male,Heart Disease,ALBUTEROL,2020-01-15,120/80,160.0,patient@example.com,000-000-0000
david lee,60.0,Other,Heart Disease,LISINOPRIL,,120/80,180.0,no_email@example.com,098-765-4321
mary clark,35.0,Male,Diabetes,METFORMIN,,130/85,189.23276983094928,name@hospital.org,000-000-0000
james taylor,25.0,Male,Asthma,NONE,,140/90,220.0,no_email@example.com,098-765-4321
emily davis,70.0,Other,Heart Disease,ALBUTEROL,,110/70,200.0,contact@domain.com,123-456-7890
john doe,35.0,Female,Heart Disease,METFORMIN,,120/80,220.0,no_email@example.com,098-765-4321
jane smith,40.0,Male,Heart Disease,METFORMIN,,120/80,200.0,patient@example.com,098-765-4321
john doe,45.76694411414982,Other,Asthma,NONE,2020-01-15,140/90,160.0,patient@example.com,
michael wilson,60.0,Male,Asthma,ALBUTEROL,,120/80,160.0,no_email@example.com,000-000-0000
michael wilson,25.0,Male,Diabetes,METFORMIN,,120/80,200.0,no_email@example.com,
david lee,60.0,Female,Asthma,METFORMIN,2020-01-15,120/80,220.0,patient@example.com,555-555-5555
james taylor,40.0,Male,Heart Disease,ALBUTEROL,,130/85,200.0,patient@example.com,098-765-4321
james taylor,60.0,Other,Asthma,ATORVASTATIN,2020-01-15,130/85,189.23276983094928,no_email@example.com,555-555-5555
robert brown,25.0,Male,Asthma,METFORMIN,,110/70,160.0,patient@example.com,
robert brown,40.0,Female,Asthma,LISINOPRIL,2020-01-15,140/90,189.23276983094928,no_email@example.com,000-000-0000
robert brown,60.0,Female,Asthma,ALBUTEROL,2020-01-15,120/80,160.0,no_email@example.com,
emily davis,45.76694411414982,Other,Asthma,METFORMIN,,120/80,160.0,no_email@example.com,000-000-0000
laura martinez,70.0,Female,Asthma,NONE,,120/80,180.0,contact@domain.com,000-000-0000
sarah johnson,40.0,Male,Diabetes,LISINOPRIL,,120/80,189.23276983094928,no_email@example.com,123-456-7890
laura martinez,70.0,Female,Asthma,METFORMIN,,130/85,189.23276983094928,no_email@example.com,098-765-4321
john doe,40.0,Other,Hypertension,LISINOPRIL,,140/90,180.0,contact@domain.com,
laura martinez,45.76694411414982,Female,Asthma,LISINOPRIL,2020-01-15,120/80,220.0,name@hospital.org,000-000-0000
emily davis,70.0,Female,Hypertension,ATORVASTATIN,,130/85,189.23276983094928,patient@example.com,
john doe,35.0,Female,Asthma,LISINOPRIL,,130/85,200.0,no_email@example.com,
laura martinez,25.0,Other,Diabetes,ATORVASTATIN,,140/90,180.0,patient@example.com,000-000-0000
emily davis,35.0,Female,Heart Disease,ALBUTEROL,2020-01-15,140/90,189.23276983094928,no_email@example.com,555-555-5555
sarah johnson,60.0,Female,Asthma,ATORVASTATIN,,140/90,220.0,patient@example.com,098-765-4321
laura martinez,45.76694411414982,Male,Diabetes,NONE,,120/80,189.23276983094928,contact@domain.com,098-765-4321
emily davis,35.0,Other,Asthma,METFORMIN,2020-01-15,110/70,160.0,patient@example.com,123-456-7890
robert brown,40.0,Female,Hypertension,ALBUTEROL,,140/90,200.0,patient@example.com,123-456-7890
james taylor,60.0,Other,Hypertension,ALBUTEROL,2020-01-15,110/70,180.0,patient@example.com,123-456-7890
robert brown,60.0,Female,Hypertension,NONE,2020-01-15,120/80,160.0,name@hospital.org,098-765-4321
james taylor,35.0,Female,Asthma,ATORVASTATIN,,110/70,220.0,name@hospital.org,555-555-5555
jane smith,35.0,Female,Diabetes,METFORMIN,,120/80,160.0,no_email@example.com,098-765-4321
jane smith,45.76694411414982,Male,Asthma,ATORVASTATIN,,110/70,160.0,contact@domain.com,098-765-4321
jane smith,25.0,Male,Hypertension,LISINOPRIL,,140/90,220.0,patient@example.com,098-765-4321
sarah johnson,35.0,Male,Asthma,ATORVASTATIN,,120/80,160.0,patient@example.com,098-765-4321
robert brown,35.0,Other,Heart Disease,ALBUTEROL,,140/90,180.0,patient@example.com,555-555-5555
james taylor,70.0,Other,Asthma,METFORMIN,,120/80,189.23276983094928,patient@example.com,123-456-7890
emily davis,40.0,Male,Asthma,ATORVASTATIN,,140/90,160.0,name@hospital.org,
john doe,70.0,Other,Diabetes,METFORMIN,,140/90,180.0,no_email@example.com,123-456-7890
emily davis,70.0,Female,Diabetes,METFORMIN,,140/90,189.23276983094928,no_email@example.com,123-456-7890
john doe,60.0,Female,Asthma,LISINOPRIL,2020-01-15,130/85,189.23276983094928,contact@domain.com,
michael wilson,25.0,Female,Hypertension,LISINOPRIL,,120/80,160.0,patient@example.com,098-765-4321
emily davis,40.0,Male,Heart Disease,ALBUTEROL,,140/90,180.0,no_email@example.com,555-555-5555
laura martinez,45.76694411414982,Other,Diabetes,NONE,2020-01-15,140/90,160.0,no_email@example.com,555-555-5555
laura martinez,45.76694411414982,Male,Hypertension,METFORMIN,,140/90,220.0,no_email@example.com,123-456-7890
david lee,35.0,Other,Asthma,NONE,,120/80,189.23276983094928,name@hospital.org,
robert brown,35.0,Female,Diabetes,ALBUTEROL,,130/85,160.0,no_email@example.com,000-000-0000
john doe,45.76694411414982,Male,Hypertension,METFORMIN,,120/80,189.23276983094928,no_email@example.com,098-765-4321
john doe,35.0,Other,Hypertension,METFORMIN,2020-01-15,130/85,180.0,name@hospital.org,123-456-7890
robert brown,25.0,Other,Heart Disease,NONE,,140/90,200.0,no_email@example.com,555-555-5555
sarah johnson,70.0,Female,Heart Disease,ATORVASTATIN,,120/80,160.0,no_email@example.com,
david lee,35.0,Male,Asthma,LISINOPRIL,,110/70,160.0,no_email@example.com,
sarah johnson,60.0,Male,Hypertension,ATORVASTATIN,,110/70,189.23276983094928,name@hospital.org,123-456-7890
sarah johnson,35.0,Male,Hypertension,NONE,,140/90,180.0,patient@example.com,000-000-0000
sarah johnson,40.0,Female,Heart Disease,LISINOPRIL,,120/80,220.0,contact@domain.com,555-555-5555
robert brown,25.0,Male,Diabetes,ATORVASTATIN,2020-01-15,120/80,180.0,no_email@example.com,123-456-7890
sarah johnson,40.0,Female,Diabetes,LISINOPRIL,,130/85,160.0,name@hospital.org,000-000-0000
laura martinez,40.0,Female,Asthma,METFORMIN,,140/90,220.0,no_email@example.com,
jane smith,60.0,Female,Heart Disease,ATORVASTATIN,,120/80,180.0,name@hospital.org,098-765-4321
michael wilson,25.0,Other,Asthma,LISINOPRIL,,120/80,200.0,contact@domain.com,555-555-5555
john doe,25.0,Male,Heart Disease,LISINOPRIL,,130/85,189.23276983094928,contact@domain.com,555-555-5555
john doe,25.0,Male,Asthma,LISINOPRIL,,120/80,180.0,patient@example.com,000-000-0000
michael wilson,25.0,Female,Hypertension,ATORVASTATIN,,120/80,180.0,patient@example.com,123-456-7890
robert brown,25.0,Female,Asthma,ALBUTEROL,,120/80,200.0,contact@domain.com,
emily davis,60.0,Male,Heart Disease,ATORVASTATIN,,120/80,160.0,no_email@example.com,000-000-0000
robert brown,35.0,Female,Hypertension,NONE,,120/80,189.23276983094928,no_email@example.com,098-765-4321
john doe,40.0,Male,Diabetes,ATORVASTATIN,,120/80,180.0,no_email@example.com,098-765-4321
john doe,25.0,Other,Diabetes,LISINOPRIL,,130/85,220.0,patient@example.com,098-765-4321
michael wilson,35.0,Female,Asthma,METFORMIN,,120/80,180.0,no_email@example.com,000-000-0000
sarah johnson,35.0,Male,Heart Disease,ATORVASTATIN,,110/70,189.23276983094928,patient@example.com,
robert brown,40.0,Female,Heart Disease,ATORVASTATIN,,120/80,180.0,contact@domain.com,555-555-5555
james taylor,60.0,Male,Diabetes,LISINOPRIL,,130/85,200.0,no_email@example.com,123-456-7890
michael wilson,45.76694411414982,Male,Asthma,METFORMIN,2020-01-15,110/70,180.0,no_email@example.com,555-555-5555
laura martinez,45.76694411414982,Female,Hypertension,METFORMIN,,120/80,180.0,contact@domain.com,
john doe,35.0,Other,Asthma,NONE,2020-01-15,120/80,220.0,no_email@example.com,555-555-5555
michael wilson,70.0,Male,Asthma,ATORVASTATIN,,140/90,200.0,no_email@example.com,000-000-0000
robert brown,70.0,Male,Diabetes,METFORMIN,,140/90,200.0,name@hospital.org,098-765-4321
john doe,40.0,Male,Diabetes,METFORMIN,,120/80,180.0,patient@example.com,
emily davis,45.76694411414982,Other,Diabetes,ALBUTEROL,,140/90,220.0,no_email@example.com,
michael wilson,35.0,Other,Asthma,ALBUTEROL,,140/90,180.0,contact@domain.com,555-555-5555
david lee,60.0,Female,Asthma,METFORMIN,,120/80,180.0,no_email@example.com,000-000-0000
john doe,45.76694411414982,Other,Heart Disease,NONE,,120/80,189.23276983094928,no_email@example.com,555-555-5555
robert brown,35.0,Female,Hypertension,METFORMIN,,120/80,189.23276983094928,patient@example.com,555-555-5555
jane smith,35.0,Female,Asthma,LISINOPRIL,,120/80,220.0,name@hospital.org,
james taylor,25.0,Other,Heart Disease,ATORVASTATIN,,120/80,160.0,patient@example.com,555-555-5555
mary clark,60.0,Female,Asthma,NONE,,130/85,189.23276983094928,no_email@example.com,098-765-4321
sarah johnson,25.0,Other,Diabetes,LISINOPRIL,,140/90,160.0,no_email@example.com,555-555-5555
mary clark,40.0,Female,Asthma,NONE,,120/80,200.0,no_email@example.com,098-765-4321
robert brown,25.0,Other,Hypertension,LISINOPRIL,,140/90,189.23276983094928,no_email@example.com,
laura martinez,25.0,Other,Asthma,ATORVASTATIN,,110/70,189.23276983094928,contact@domain.com,000-000-0000
laura martinez,45.76694411414982,Female,Asthma,ATORVASTATIN,,120/80,220.0,name@hospital.org,098-765-4321
jane smith,70.0,Male,Hypertension,ALBUTEROL,,130/85,160.0,no_email@example.com,000-000-0000
sarah johnson,35.0,Female,Heart Disease,LISINOPRIL,,110/70,189.23276983094928,no_email@example.com,000-000-0000
david lee,60.0,Other,Heart Disease,ALBUTEROL,,110/70,189.23276983094928,no_email@example.com,098-765-4321
jane smith,25.0,Male,Asthma,LISINOPRIL,,110/70,220.0,name@hospital.org,
mary clark,60.0,Female,Asthma,ALBUTEROL,,120/80,220.0,patient@example.com,123-456-7890
jane smith,70.0,Female,Diabetes,ATORVASTATIN,,120/80,160.0,name@hospital.org,000-000-0000
mary clark,70.0,Female,Heart Disease,NONE,,120/80,200.0,name@hospital.org,000-000-0000
john doe,25.0,Male,Hypertension,ALBUTEROL,,120/80,200.0,name@hospital.org,
laura martinez,40.0,Other,Heart Disease,LISINOPRIL,,110/70,180.0,no_email@example.com,
john doe,25.0,Female,Diabetes,LISINOPRIL,,110/70,189.23276983094928,no_email@example.com,555-555-5555
james taylor,45.76694411414982,Female,Asthma,ATORVASTATIN,,130/85,160.0,contact@domain.com,
sarah johnson,35.0,Female,Asthma,LISINOPRIL,,120/80,189.23276983094928,patient@example.com,000-000-0000
david lee,40.0,Female,Diabetes,METFORMIN,2020-01-15,110/70,160.0,no_email@example.com,098-765-4321
mary clark,25.0,Female,Hypertension,NONE,,140/90,160.0,name@hospital.org,123-456-7890
david lee,60.0,Other,Asthma,ALBUTEROL,,130/85,160.0,patient@example.com,555-555-5555
mary clark,40.0,Other,Asthma,NONE,,120/80,189.23276983094928,patient@example.com,098-765-4321
robert brown,40.0,Female,Asthma,ATORVASTATIN,,130/85,220.0,contact@domain.com,123-456-7890
jane smith,25.0,Male,Asthma,ALBUTEROL,,140/90,189.23276983094928,no_email@example.com,123-456-7890
james taylor,40.0,Other,Diabetes,ALBUTEROL,,120/80,160.0,name@hospital.org,123-456-7890
laura martinez,60.0,Male,Diabetes,METFORMIN,,120/80,180.0,no_email@example.com,098-765-4321
mary clark,70.0,Other,Asthma,ATORVASTATIN,,120/80,200.0,contact@domain.com,555-555-5555
david lee,40.0,Female,Heart Disease,LISINOPRIL,,120/80,160.0,no_email@example.com,555-555-5555
james taylor,70.0,Other,Asthma,METFORMIN,,130/85,180.0,patient@example.com,123-456-7890
emily davis,60.0,Female,Hypertension,METFORMIN,,110/70,220.0,name@hospital.org,098-765-4321
emily davis,25.0,Other,Asthma,NONE,,130/85,160.0,no_email@example.com,123-456-7890
john doe,35.0,Female,Hypertension,NONE,,140/90,180.0,contact@domain.com,
laura martinez,40.0,Female,Asthma,NONE,,110/70,160.0,no_email@example.com,555-555-5555
robert brown,35.0,Female,Heart Disease,METFORMIN,,130/85,189.23276983094928,patient@example.com,000-000-0000
david lee,60.0,Female,Heart Disease,LISINOPRIL,2020-01-15,120/80,180.0,name@hospital.org,123-456-7890
jane smith,40.0,Male,Heart Disease,ALBUTEROL,,140/90,189.23276983094928,no_email@example.com,
jane smith,70.0,Female,Heart Disease,NONE,,140/90,189.23276983094928,no_email@example.com,555-555-5555
david lee,45.76694411414982,Male,Diabetes,LISINOPRIL,,140/90,180.0,patient@example.com,098-765-4321
sarah johnson,35.0,Male,Diabetes,ATORVASTATIN,2020-01-15,110/70,200.0,no_email@example.com,555-555-5555
robert brown,40.0,Female,Asthma,NONE,,120/80,180.0,contact@domain.com,098-765-4321
james taylor,35.0,Male,Hypertension,ALBUTEROL,2020-01-15,110/70,200.0,no_email@example.com,098-765-4321
mary clark,40.0,Other,Asthma,ATORVASTATIN,,130/85,160.0,no_email@example.com,123-456-7890
sarah johnson,25.0,Female,Asthma,ATORVASTATIN,,120/80,160.0,no_email@example.com,123-456-7890
mary clark,70.0,Male,Diabetes,ALBUTEROL,,130/85,180.0,patient@example.com,555-555-5555
mary clark,35.0,Female,Asthma,NONE,,120/80,160.0,patient@example.com,
sarah johnson,45.76694411414982,Female,Diabetes,METFORMIN,,110/70,220.0,contact@domain.com,555-555-5555
john doe,45.76694411414982,Female,Asthma,ALBUTEROL,,140/90,189.23276983094928,no_email@example.com,000-000-0000
emily davis,60.0,Male,Hypertension,ALBUTEROL,,120/80,189.23276983094928,patient@example.com,098-765-4321
mary clark,40.0,Other,Asthma,ALBUTEROL,,140/90,200.0,contact@domain.com,098-765-4321
sarah johnson,35.0,Other,Heart Disease,ATORVASTATIN,,110/70,160.0,contact@domain.com,123-456-7890
sarah johnson,60.0,Male,Heart Disease,LISINOPRIL,,120/80,200.0,no_email@example.com,
michael wilson,35.0,Female,Heart Disease,METFORMIN,,140/90,189.23276983094928,name@hospital.org,123-456-7890
john doe,40.0,Male,Asthma,NONE,,110/70,189.23276983094928,no_email@example.com,000-000-0000
laura martinez,45.76694411414982,Male,Asthma,NONE,,130/85,160.0,name@hospital.org,555-555-5555
michael wilson,25.0,Male,Hypertension,LISINOPRIL,,120/80,220.0,contact@domain.com,555-555-5555
michael wilson,45.76694411414982,Female,Heart Disease,ALBUTEROL,2020-01-15,140/90,220.0,patient@example.com,
david lee,60.0,Male,Heart Disease,METFORMIN,,120/80,160.0,no_email@example.com,123-456-7890
emily davis,70.0,Female,Heart Disease,NONE,,130/85,160.0,contact@domain.com,123-456-7890
sarah johnson,25.0,Male,Hypertension,NONE,,110/70,200.0,patient@example.com,000-000-0000
emily davis,60.0,Other,Heart Disease,ALBUTEROL,,120/80,160.0,contact@domain.com,555-555-5555
robert brown,40.0,Male,Hypertension,LISINOPRIL,,120/80,220.0,no_email@example.com,123-456-7890
david lee,25.0,Male,Heart Disease,METFORMIN,2020-01-15,110/70,160.0,name@hospital.org,
laura martinez,60.0,Other,Asthma,LISINOPRIL,,110/70,200.0,contact@domain.com,555-555-5555
emily davis,40.0,Female,Asthma,LISINOPRIL,,140/90,200.0,patient@example.com,000-000-0000
jane smith,45.76694411414982,Female,Hypertension,METFORMIN,,140/90,200.0,no_email@example.com,
mary clark,70.0,Male,Asthma,METFORMIN,,120/80,200.0,no_email@example.com,098-765-4321
robert brown,40.0,Other,Hypertension,NONE,,110/70,180.0,no_email@example.com,000-000-0000
john doe,35.0,Female,Asthma,NONE,,140/90,160.0,name@hospital.org,
laura martinez,40.0,Male,Asthma,METFORMIN,,120/80,189.23276983094928,no_email@example.com,123-456-7890
robert brown,40.0,Other,Hypertension,ATORVASTATIN,,120/80,160.0,no_email@example.com,098-765-4321
mary clark,70.0,Female,Asthma,NONE,,110/70,180.0,patient@example.com,000-000-0000
david lee,35.0,Female,Asthma,ATORVASTATIN,,140/90,200.0,contact@domain.com,123-456-7890
mary clark,60.0,Other,Heart Disease,METFORMIN,,120/80,180.0,name@hospital.org,098-765-4321
michael wilson,60.0,Other,Asthma,NONE,2020-01-15,120/80,220.0,no_email@example.com,555-555-5555
mary clark,40.0,Other,Hypertension,LISINOPRIL,,120/80,220.0,name@hospital.org,123-456-7890
michael wilson,35.0,Other,Asthma,METFORMIN,,120/80,160.0,no_email@example.com,
david lee,35.0,Male,Diabetes,ALBUTEROL,2020-01-15,140/90,160.0,name@hospital.org,000-000-0000
james taylor,70.0,Other,Diabetes,ATORVASTATIN,,140/90,189.23276983094928,no_email@example.com,098-765-4321
michael wilson,45.76694411414982,Female,Asthma,METFORMIN,,120/80,189.23276983094928,contact@domain.com,123-456-7890
john doe,60.0,Female,Asthma,METFORMIN,,120/80,220.0,contact@domain.com,555-555-5555
mary clark,70.0,Male,Heart Disease,NONE,,120/80,200.0,name@hospital.org,000-000-0000
mary clark,25.0,Female,Asthma,NONE,,110/70,180.0,patient@example.com,000-000-0000
john doe,60.0,Female,Diabetes,NONE,,130/85,189.23276983094928,name@hospital.org,123-456-7890
jane smith,70.0,Other,Asthma,ALBUTEROL,2020-01-15,140/90,189.23276983094928,no_email@example.com,555-555-5555
sarah johnson,60.0,Female,Asthma,NONE,2020-01-15,140/90,200.0,contact@domain.com,098-765-4321
james taylor,45.76694411414982,Male,Asthma,METFORMIN,,140/90,200.0,contact@domain.com,123-456-7890
laura martinez,25.0,Other,Asthma,NONE,,130/85,160.0,contact@domain.com,098-765-4321
michael wilson,45.76694411414982,Other,Diabetes,LISINOPRIL,2020-01-15,110/70,180.0,patient@example.com,000-000-0000
john doe,25.0,Male,Diabetes,NONE,,130/85,200.0,patient@example.com,098-765-4321
david lee,40.0,Other,Asthma,ALBUTEROL,,120/80,189.23276983094928,no_email@example.com,555-555-5555
michael wilson,70.0,Other,Hypertension,LISINOPRIL,,120/80,189.23276983094928,name@hospital.org,
sarah johnson,25.0,Male,Asthma,METFORMIN,,140/90,220.0,name@hospital.org,555-555-5555
david lee,45.76694411414982,Other,Asthma,METFORMIN,,120/80,200.0,no_email@example.com,098-765-4321
robert brown,60.0,Male,Heart Disease,ATORVASTATIN,,140/90,160.0,contact@domain.com,123-456-7890
mary clark,25.0,Male,Heart Disease,LISINOPRIL,,120/80,180.0,patient@example.com,000-000-0000
robert brown,70.0,Female,Heart Disease,ATORVASTATIN,,130/85,160.0,no_email@example.com,
michael wilson,25.0,Female,Hypertension,LISINOPRIL,,120/80,189.23276983094928,no_email@example.com,123-456-7890
sarah johnson,35.0,Other,Hypertension,LISINOPRIL,,120/80,160.0,patient@example.com,123-456-7890
james taylor,60.0,Other,Asthma,ALBUTEROL,,130/85,189.23276983094928,name@hospital.org,555-555-5555
michael wilson,70.0,Male,Heart Disease,ATORVASTATIN,,120/80,189.23276983094928,contact@domain.com,098-765-4321
john doe,70.0,Other,Hypertension,ALBUTEROL,,120/80,189.23276983094928,name@hospital.org,555-555-5555
emily davis,40.0,Male,Diabetes,LISINOPRIL,,140/90,189.23276983094928,no_email@example.com,098-765-4321
michael wilson,45.76694411414982,Male,Asthma,METFORMIN,,140/90,189.23276983094928,contact@domain.com,555-555-5555
mary clark,40.0,Other,Asthma,LISINOPRIL,,140/90,220.0,no_email@example.com,123-456-7890
mary clark,70.0,Male,Asthma,ALBUTEROL,,130/85,160.0,no_email@example.com,000-000-0000
michael wilson,60.0,Female,Asthma,ATORVASTATIN,,140/90,220.0,name@hospital.org,098-765-4321
david lee,25.0,Other,Heart Disease,ATORVASTATIN,,110/70,220.0,name@hospital.org,
emily davis,25.0,Female,Asthma,ALBUTEROL,2020-01-15,120/80,200.0,name@hospital.org,
john doe,60.0,Other,Heart Disease,ATORVASTATIN,,130/85,200.0,patient@example.com,123-456-7890
michael wilson,70.0,Male,Diabetes,NONE,2020-01-15,140/90,200.0,no_email@example.com,555-555-5555
david lee,25.0,Other,Asthma,METFORMIN,,120/80,180.0,contact@domain.com,555-555-5555
mary clark,25.0,Female,Asthma,METFORMIN,,120/80,200.0,name@hospital.org,123-456-7890
mary clark,25.0,Male,Heart Disease,METFORMIN,,140/90,160.0,name@hospital.org,
sarah johnson,45.76694411414982,Other,Asthma,ATORVASTATIN,,120/80,220.0,patient@example.com,
michael wilson,45.76694411414982,Other,Hypertension,ATORVASTATIN,2020-01-15,110/70,160.0,contact@domain.com,555-555-5555
emily davis,35.0,Other,Heart Disease,LISINOPRIL,,120/80,200.0,no_email@example.com,098-765-4321
jane smith,40.0,Female,Asthma,LISINOPRIL,,110/70,180.0,no_email@example.com,000-000-0000
emily davis,60.0,Female,Heart Disease,METFORMIN,,120/80,180.0,patient@example.com,098-765-4321
mary clark,60.0,Other,Asthma,NONE,,110/70,220.0,no_email@example.com,
mary clark,60.0,Male,Diabetes,LISINOPRIL,2020-01-15,120/80,160.0,no_email@example.com,098-765-4321
robert brown,35.0,Male,Heart Disease,LISINOPRIL,,120/80,189.23276983094928,name@hospital.org,000-000-0000
mary clark,45.76694411414982,Female,Asthma,ATORVASTATIN,2020-01-15,110/70,160.0,name@hospital.org,098-765-4321
john doe,70.0,Male,Hypertension,NONE,,120/80,200.0,contact@domain.com,098-765-4321
laura martinez,70.0,Female,Diabetes,METFORMIN,,140/90,189.23276983094928,no_email@example.com,098-765-4321
michael wilson,35.0,Other,Hypertension,LISINOPRIL,,120/80,180.0,name@hospital.org,098-765-4321
emily davis,70.0,Female,Heart Disease,NONE,2020-01-15,130/85,220.0,name@hospital.org,123-456-7890
laura martinez,60.0,Female,Asthma,NONE,,120/80,220.0,contact@domain.com,
david lee,40.0,Other,Asthma,METFORMIN,,130/85,180.0,no_email@example.com,000-000-0000
jane smith,25.0,Male,Asthma,NONE,,120/80,200.0,name@hospital.org,
john doe,45.76694411414982,Female,Asthma,NONE,,120/80,180.0,patient@example.com,123-456-7890
emily davis,45.76694411414982,Female,Diabetes,NONE,2020-01-15,110/70,200.0,patient@example.com,123-456-7890
laura martinez,35.0,Other,Asthma,LISINOPRIL,,140/90,189.23276983094928,no_email@example.com,123-456-7890
jane smith,45.76694411414982,Male,Asthma,METFORMIN,,140/90,180.0,no_email@example.com,123-456-7890
robert brown,60.0,Female,Heart Disease,NONE,2020-01-15,120/80,200.0,contact@domain.com,098-765-4321
john doe,70.0,Other,Heart Disease,NONE,,110/70,189.23276983094928,patient@example.com,
john doe,60.0,Female,Asthma,LISINOPRIL,,110/70,180.0,patient@example.com,555-555-5555
robert brown,35.0,Other,Hypertension,METFORMIN,2020-01-15,140/90,220.0,no_email@example.com,000-000-0000
michael wilson,60.0,Male,Heart Disease,ATORVASTATIN,,110/70,180.0,no_email@example.com,123-456-7890
robert brown,70.0,Male,Asthma,LISINOPRIL,,140/90,160.0,no_email@example.com,
john doe,40.0,Male,Asthma,METFORMIN,2020-01-15,110/70,180.0,no_email@example.com,123-456-7890
john doe,35.0,Male,Asthma,NONE,,120/80,160.0,patient@example.com,123-456-7890
laura martinez,40.0,Female,Heart Disease,METFORMIN,2020-01-15,140/90,189.23276983094928,contact@domain.com,123-456-7890
mary clark,25.0,Female,Asthma,METFORMIN,,140/90,180.0,patient@example.com,123-456-7890
jane smith,40.0,Male,Asthma,METFORMIN,,130/85,189.23276983094928,no_email@example.com,123-456-7890
robert brown,25.0,Male,Diabetes,ATORVASTATIN,,110/70,189.23276983094928,patient@example.com,000-000-0000
jane smith,25.0,Male,Asthma,METFORMIN,,110/70,200.0,contact@domain.com,
robert brown,40.0,Female,Diabetes,ATORVASTATIN,2020-01-15,140/90,189.23276983094928,name@hospital.org,123-456-7890
david lee,35.0,Male,Hypertension,NONE,,120/80,189.23276983094928,patient@example.com,123-456-7890
john doe,70.0,Male,Asthma,ATORVASTATIN,,120/80,180.0,no_email@example.com,123-456-7890
mary clark,60.0,Male,Diabetes,NONE,,120/80,180.0,name@hospital.org,123-456-7890
laura martinez,60.0,Other,Heart Disease,NONE,,110/70,220.0,no_email@example.com,098-765-4321
mary clark,70.0,Male,Heart Disease,ATORVASTATIN,,130/85,200.0,no_email@example.com,098-765-4321
mary clark,25.0,Other,Hypertension,LISINOPRIL,2020-01-15,140/90,189.23276983094928,no_email@example.com,555-555-5555
mary clark,25.0,Other,Asthma,ALBUTEROL,,120/80,200.0,patient@example.com,123-456-7890
jane smith,35.0,Male,Asthma,METFORMIN,,130/85,160.0,no_email@example.com,555-555-5555
robert brown,45.76694411414982,Other,Asthma,ALBUTEROL,,120/80,189.23276983094928,name@hospital.org,000-000-0000
james taylor,40.0,Male,Hypertension,METFORMIN,,130/85,200.0,contact@domain.com,555-555-5555
david lee,25.0,Female,Asthma,METFORMIN,,120/80,220.0,no_email@example.com,
emily davis,60.0,Female,Heart Disease,NONE,,110/70,220.0,patient@example.com,098-765-4321
mary clark,35.0,Female,Diabetes,METFORMIN,,120/80,189.23276983094928,no_email@example.com,098-765-4321
michael wilson,40.0,Female,Heart Disease,METFORMIN,,130/85,160.0,contact@domain.com,123-456-7890
jane smith,35.0,Other,Heart Disease,ATORVASTATIN,,110/70,220.0,name@hospital.org,123-456-7890
laura martinez,40.0,Male,Diabetes,ALBUTEROL,,120/80,220.0,no_email@example.com,000-000-0000
emily davis,40.0,Male,Heart Disease,ATORVASTATIN,,140/90,160.0,no_email@example.com,000-000-0000
james taylor,70.0,Male,Hypertension,METFORMIN,,130/85,200.0,contact@domain.com,
michael wilson,25.0,Female,Diabetes,NONE,,140/90,220.0,patient@example.com,123-456-7890
james taylor,35.0,Female,Heart Disease,ATORVASTATIN,,120/80,180.0,name@hospital.org,123-456-7890
emily davis,35.0,Male,Asthma,ATORVASTATIN,,140/90,220.0,contact@domain.com,000-000-0000
mary clark,70.0,Female,Heart Disease,LISINOPRIL,,140/90,200.0,no_email@example.com,000-000-0000
michael wilson,60.0,Male,Hypertension,METFORMIN,,130/85,200.0,name@hospital.org,000-000-0000
james taylor,60.0,Male,Asthma,NONE,,120/80,189.23276983094928,no_email@example.com,098-765-4321
laura martinez,25.0,Male,Heart Disease,ATORVASTATIN,,140/90,180.0,contact@domain.com,555-555-5555
robert brown,25.0,Male,Asthma,ATORVASTATIN,2020-01-15,110/70,200.0,no_email@example.com,555-555-5555
john doe,45.76694411414982,Male,Asthma,NONE,2020-01-15,120/80,160.0,no_email@example.com,123-456-7890
robert brown,70.0,Male,Heart Disease,METFORMIN,,140/90,180.0,no_email@example.com,098-765-4321
emily davis,60.0,Male,Diabetes,LISINOPRIL,,120/80,180.0,patient@example.com,000-000-0000
jane smith,40.0,Female,Asthma,ATORVASTATIN,,140/90,160.0,no_email@example.com,123-456-7890
john doe,35.0,Male,Asthma,LISINOPRIL,,120/80,220.0,no_email@example.com,098-765-4321
david lee,25.0,Male,Diabetes,ALBUTEROL,,120/80,160.0,no_email@example.com,
laura martinez,35.0,Female,Diabetes,METFORMIN,,130/85,160.0,name@hospital.org,098-765-4321
david lee,35.0,Female,Diabetes,ALBUTEROL,,120/80,220.0,no_email@example.com,123-456-7890
michael wilson,45.76694411414982,Female,Diabetes,ALBUTEROL,,130/85,220.0,no_email@example.com,555-555-5555
john doe,60.0,Male,Heart Disease,ALBUTEROL,,120/80,220.0,contact@domain.com,000-000-0000
david lee,25.0,Other,Heart Disease,METFORMIN,,120/80,220.0,patient@example.com,
david lee,35.0,Other,Heart Disease,METFORMIN,,120/80,220.0,name@hospital.org,098-765-4321
james taylor,25.0,Female,Asthma,NONE,,120/80,160.0,no_email@example.com,123-456-7890
robert brown,40.0,Other,Asthma,LISINOPRIL,,140/90,189.23276983094928,contact@domain.com,123-456-7890
james taylor,45.76694411414982,Female,Asthma,LISINOPRIL,2020-01-15,120/80,189.23276983094928,patient@example.com,000-000-0000
john doe,40.0,Male,Hypertension,NONE,,130/85,200.0,name@hospital.org,123-456-7890
john doe,25.0,Other,Asthma,NONE,,130/85,189.23276983094928,name@hospital.org,123-456-7890
emily davis,25.0,Male,Heart Disease,ALBUTEROL,,110/70,189.23276983094928,no_email@example.com,000-000-0000
james taylor,60.0,Other,Heart Disease,NONE,2020-01-15,130/85,160.0,name@hospital.org,
sarah johnson,35.0,Male,Hypertension,ATORVASTATIN,2020-01-15,110/70,220.0,contact@domain.com,555-555-5555
robert brown,35.0,Other,Hypertension,LISINOPRIL,,120/80,220.0,name@hospital.org,555-555-5555
john doe,40.0,Male,Asthma,NONE,,120/80,160.0,no_email@example.com,098-765-4321
emily davis,45.76694411414982,Male,Asthma,ATORVASTATIN,,120/80,189.23276983094928,contact@domain.com,
james taylor,70.0,Other,Hypertension,ATORVASTATIN,,140/90,160.0,patient@example.com,098-765-4321
robert brown,35.0,Male,Diabetes,ATORVASTATIN,,140/90,200.0,patient@example.com,555-555-5555
james taylor,60.0,Male,Heart Disease,ATORVASTATIN,,110/70,220.0,no_email@example.com,000-000-0000
david lee,40.0,Male,Diabetes,ALBUTEROL,,130/85,180.0,no_email@example.com,123-456-7890
emily davis,40.0,Other,Heart Disease,ATORVASTATIN,,130/85,200.0,no_email@example.com,555-555-5555
robert brown,70.0,Other,Heart Disease,ALBUTEROL,2020-01-15,120/80,200.0,patient@example.com,
mary clark,60.0,Male,Hypertension,ALBUTEROL,,120/80,160.0,patient@example.com,555-555-5555
michael wilson,45.76694411414982,Male,Hypertension,ATORVASTATIN,,140/90,189.23276983094928,patient@example.com,
michael wilson,60.0,Other,Diabetes,LISINOPRIL,2020-01-15,140/90,220.0,patient@example.com,
robert brown,45.76694411414982,Other,Heart Disease,ATORVASTATIN,,120/80,180.0,name@hospital.org,
james taylor,60.0,Male,Diabetes,ATORVASTATIN,,140/90,200.0,contact@domain.com,098-765-4321
emily davis,60.0,Male,Asthma,ATORVASTATIN,,120/80,180.0,contact@domain.com,000-000-0000
michael wilson,25.0,Male,Diabetes,LISINOPRIL,,110/70,189.23276983094928,no_email@example.com,555-555-5555
emily davis,40.0,Female,Asthma,METFORMIN,,130/85,189.23276983094928,name@hospital.org,000-000-0000
michael wilson,60.0,Other,Diabetes,METFORMIN,,120/80,180.0,patient@example.com,123-456-7890
david lee,70.0,Female,Asthma,ALBUTEROL,,130/85,220.0,patient@example.com,555-555-5555
james taylor,60.0,Other,Asthma,ALBUTEROL,2020-01-15,130/85,189.23276983094928,no_email@example.com,000-000-0000
david lee,35.0,Other,Asthma,LISINOPRIL,,110/70,180.0,no_email@example.com,000-000-0000
michael wilson,40.0,Other,Asthma,NONE,2020-01-15,140/90,200.0,no_email@example.com,123-456-7890
mary clark,35.0,Other,Diabetes,METFORMIN,,120/80,180.0,patient@example.com,
mary clark,40.0,Other,Diabetes,ALBUTEROL,,140/90,180.0,no_email@example.com,555-555-5555
david lee,35.0,Other,Asthma,METFORMIN,,130/85,160.0,name@hospital.org,555-555-5555
mary clark,60.0,Other,Heart Disease,LISINOPRIL,,120/80,189.23276983094928,contact@domain.com,123-456-7890
michael wilson,60.0,Female,Hypertension,LISINOPRIL,,130/85,220.0,patient@example.com,
robert brown,25.0,Male,Diabetes,NONE,2020-01-15,140/90,220.0,name@hospital.org,555-555-5555
david lee,70.0,Male,Hypertension,NONE,2020-01-15,130/85,160.0,patient@example.com,555-555-5555
jane smith,35.0,Female,Asthma,LISINOPRIL,,120/80,220.0,no_email@example.com,555-555-5555
james taylor,45.76694411414982,Female,Heart Disease,ALBUTEROL,,110/70,180.0,no_email@example.com,
mary clark,25.0,Female,Heart Disease,METFORMIN,,140/90,160.0,no_email@example.com,123-456-7890
mary clark,35.0,Female,Heart Disease,ATORVASTATIN,,130/85,200.0,contact@domain.com,555-555-5555
john doe,35.0,Other,Asthma,NONE,,140/90,189.23276983094928,no_email@example.com,000-000-0000
sarah johnson,25.0,Male,Asthma,ATORVASTATIN,,110/70,189.23276983094928,patient@example.com,
david lee,60.0,Other,Asthma,ALBUTEROL,,130/85,189.23276983094928,no_email@example.com,098-765-4321
laura martinez,35.0,Male,Hypertension,NONE,,130/85,180.0,patient@example.com,123-456-7890
mary clark,60.0,Male,Asthma,ATORVASTATIN,,140/90,200.0,contact@domain.com,000-000-0000
james taylor,25.0,Female,Asthma,ALBUTEROL,2020-01-15,140/90,160.0,no_email@example.com,555-555-5555
jane smith,60.0,Other,Heart Disease,METFORMIN,,120/80,160.0,no_email@example.com,098-765-4321
mary clark,40.0,Female,Heart Disease,ALBUTEROL,,110/70,189.23276983094928,no_email@example.com,123-456-7890
jane smith,45.76694411414982,Other,Hypertension,NONE,2020-01-15,120/80,200.0,no_email@example.com,
michael wilson,35.0,Male,Diabetes,LISINOPRIL,2020-01-15,130/85,200.0,no_email@example.com,098-765-4321
michael wilson,70.0,Female,Hypertension,METFORMIN,,140/90,200.0,no_email@example.com,098-765-4321
sarah johnson,45.76694411414982,Female,Hypertension,ATORVASTATIN,,130/85,220.0,no_email@example.com,000-000-0000
robert brown,60.0,Male,Asthma,NONE,,130/85,220.0,patient@example.com,123-456-7890
laura martinez,35.0,Male,Asthma,LISINOPRIL,,120/80,189.23276983094928,contact@domain.com,000-000-0000
john doe,60.0,Male,Hypertension,ALBUTEROL,,120/80,200.0,no_email@example.com,000-000-0000
sarah johnson,40.0,Female,Hypertension,LISINOPRIL,2020-01-15,130/85,200.0,patient@example.com,555-555-5555
emily davis,25.0,Other,Hypertension,NONE,,140/90,160.0,no_email@example.com,
john doe,35.0,Female,Asthma,NONE,,130/85,160.0,patient@example.com,098-765-4321
david lee,40.0,Other,Asthma,LISINOPRIL,,120/80,189.23276983094928,no_email@example.com,123-456-7890
james taylor,40.0,Female,Hypertension,ALBUTEROL,,140/90,200.0,no_email@example.com,
emily davis,35.0,Female,Heart Disease,LISINOPRIL,,130/85,189.23276983094928,no_email@example.com,
emily davis,60.0,Male,Heart Disease,NONE,,110/70,160.0,no_email@example.com,123-456-7890
sarah johnson,70.0,Other,Asthma,NONE,,110/70,160.0,name@hospital.org,
robert brown,40.0,Female,Asthma,ATORVASTATIN,,130/85,220.0,patient@example.com,555-555-5555
sarah johnson,45.76694411414982,Female,Diabetes,ATORVASTATIN,,140/90,189.23276983094928,name@hospital.org,
david lee,40.0,Male,Diabetes,METFORMIN,,130/85,189.23276983094928,patient@example.com,555-555-5555
mary clark,70.0,Male,Diabetes,NONE,2020-01-15,130/85,200.0,contact@domain.com,098-765-4321
mary clark,60.0,Other,Asthma,ATORVASTATIN,,120/80,200.0,no_email@example.com,098-765-4321
robert brown,60.0,Female,Asthma,LISINOPRIL,,110/70,220.0,contact@domain.com,000-000-0000
david lee,45.76694411414982,Other,Asthma,ALBUTEROL,,120/80,180.0,contact@domain.com,555-555-5555
robert brown,40.0,Female,Heart Disease,LISINOPRIL,,120/80,180.0,patient@example.com,098-765-4321
jane smith,60.0,Other,Asthma,ALBUTEROL,,130/85,180.0,name@hospital.org,
mary clark,70.0,Male,Heart Disease,ATORVASTATIN,,120/80,189.23276983094928,no_email@example.com,123-456-7890
emily davis,35.0,Female,Diabetes,METFORMIN,,110/70,189.23276983094928,patient@example.com,123-456-7890
laura martinez,25.0,Other,Diabetes,LISINOPRIL,,120/80,160.0,no_email@example.com,555-555-5555
james taylor,25.0,Male,Diabetes,LISINOPRIL,,110/70,189.23276983094928,contact@domain.com,000-000-0000
david lee,25.0,Male,Hypertension,LISINOPRIL,2020-01-15,120/80,189.23276983094928,no_email@example.com,
john doe,40.0,Other,Hypertension,ALBUTEROL,,110/70,189.23276983094928,name@hospital.org,555-555-5555
robert brown,45.76694411414982,Female,Asthma,ATORVASTATIN,,120/80,220.0,patient@example.com,123-456-7890
james taylor,60.0,Female,Asthma,LISINOPRIL,,120/80,189.23276983094928,name@hospital.org,555-555-5555
john doe,35.0,Male,Asthma,LISINOPRIL,,140/90,200.0,name@hospital.org,
james taylor,70.0,Female,Hypertension,METFORMIN,,110/70,200.0,patient@example.com,098-765-4321
laura martinez,35.0,Female,Hypertension,METFORMIN,,110/70,160.0,name@hospital.org,
john doe,70.0,Female,Asthma,ATORVASTATIN,,110/70,220.0,no_email@example.com,098-765-4321
sarah johnson,40.0,Male,Asthma,ATORVASTATIN,,120/80,200.0,no_email@example.com,098-765-4321
michael wilson,25.0,Other,Asthma,NONE,,120/80,220.0,no_email@example.com,098-765-4321
sarah johnson,40.0,Female,Asthma,METFORMIN,,110/70,220.0,no_email@example.com,555-555-5555
mary clark,45.76694411414982,Male,Asthma,NONE,,120/80,160.0,name@hospital.org,123-456-7890
michael wilson,45.76694411414982,Male,Heart Disease,ALBUTEROL,,140/90,220.0,patient@example.com,555-555-5555
sarah johnson,70.0,Other,Hypertension,NONE,,110/70,189.23276983094928,patient@example.com,123-456-7890
michael wilson,60.0,Female,Asthma,LISINOPRIL,,110/70,220.0,no_email@example.com,
michael wilson,60.0,Female,Hypertension,NONE,2020-01-15,120/80,160.0,patient@example.com,000-000-0000
emily davis,70.0,Other,Hypertension,ATORVASTATIN,,120/80,160.0,no_email@example.com,
robert brown,45.76694411414982,Other,Hypertension,ALBUTEROL,,140/90,160.0,name@hospital.org,555-555-5555
robert brown,45.76694411414982,Male,Heart Disease,LISINOPRIL,,110/70,200.0,patient@example.com,555-555-5555
emily davis,45.76694411414982,Male,Diabetes,NONE,,120/80,189.23276983094928,patient@example.com,123-456-7890
james taylor,40.0,Other,Asthma,ALBUTEROL,,140/90,200.0,contact@domain.com,555-555-5555
jane smith,45.76694411414982,Female,Diabetes,ALBUTEROL,,130/85,180.0,contact@domain.com,098-765-4321
james taylor,35.0,Male,Diabetes,LISINOPRIL,,130/85,189.23276983094928,contact@domain.com,555-555-5555
john doe,25.0,Male,Diabetes,NONE,,140/90,220.0,name@hospital.org,123-456-7890
john doe,45.76694411414982,Female,Hypertension,ALBUTEROL,,120/80,160.0,no_email@example.com,123-456-7890
michael wilson,70.0,Male,Asthma,ALBUTEROL,,140/90,180.0,no_email@example.com,098-765-4321
sarah johnson,25.0,Female,Hypertension,METFORMIN,,140/90,189.23276983094928,no_email@example.com,123-456-7890
sarah johnson,40.0,Female,Hypertension,ALBUTEROL,,120/80,200.0,name@hospital.org,000-000-0000
robert brown,70.0,Female,Diabetes,METFORMIN,,120/80,160.0,name@hospital.org,
david lee,25.0,Other,Hypertension,NONE,2020-01-15,120/80,200.0,contact@domain.com,555-555-5555
james taylor,70.0,Other,Diabetes,NONE,,120/80,189.23276983094928,patient@example.com,000-000-0000
mary clark,40.0,Other,Asthma,NONE,,120/80,189.23276983094928,no_email@example.com,555-555-5555
laura martinez,35.0,Female,Asthma,ATORVASTATIN,2020-01-15,130/85,180.0,no_email@example.com,000-000-0000
sarah johnson,40.0,Female,Diabetes,NONE,,130/85,220.0,patient@example.com,555-555-5555
laura martinez,40.0,Other,Asthma,ALBUTEROL,,140/90,200.0,contact@domain.com,098-765-4321
michael wilson,70.0,Male,Asthma,LISINOPRIL,,110/70,180.0,patient@example.com,123-456-7890
laura martinez,60.0,Female,Heart Disease,METFORMIN,,140/90,160.0,patient@example.com,123-456-7890
mary clark,45.76694411414982,Male,Diabetes,ATORVASTATIN,,140/90,220.0,no_email@example.com,098-765-4321
emily davis,45.76694411414982,Male,Diabetes,NONE,,110/70,180.0,contact@domain.com,000-000-0000
mary clark,35.0,Female,Heart Disease,NONE,2020-01-15,120/80,200.0,name@hospital.org,
laura martinez,35.0,Female,Heart Disease,LISINOPRIL,,130/85,189.23276983094928,no_email@example.com,000-000-0000
mary clark,45.76694411414982,Male,Diabetes,LISINOPRIL,,140/90,160.0,name@hospital.org,123-456-7890
jane smith,60.0,Male,Heart Disease,ATORVASTATIN,,110/70,200.0,contact@domain.com,
michael wilson,45.76694411414982,Other,Hypertension,METFORMIN,,120/80,220.0,patient@example.com,555-555-5555
james taylor,60.0,Other,Asthma,NONE,,140/90,220.0,no_email@example.com,
emily davis,35.0,Female,Asthma,ATORVASTATIN,,130/85,189.23276983094928,no_email@example.com,000-000-0000
sarah johnson,25.0,Other,Asthma,ALBUTEROL,,120/80,189.23276983094928,contact@domain.com,098-765-4321
john doe,70.0,Other,Hypertension,ALBUTEROL,,140/90,160.0,no_email@example.com,555-555-5555
james taylor,35.0,Other,Heart Disease,ATORVASTATIN,2020-01-15,140/90,160.0,name@hospital.org,000-000-0000
john doe,35.0,Other,Asthma,NONE,,110/70,189.23276983094928,no_email@example.com,555-555-5555
michael wilson,40.0,Male,Heart Disease,ATORVASTATIN,2020-01-15,120/80,189.23276983094928,contact@domain.com,
emily davis,40.0,Female,Diabetes,NONE,,120/80,220.0,contact@domain.com,123-456-7890
robert brown,40.0,Other,Asthma,LISINOPRIL,2020-01-15,120/80,189.23276983094928,name@hospital.org,000-000-0000
sarah johnson,70.0,Male,Heart Disease,ATORVASTATIN,,130/85,180.0,no_email@example.com,098-765-4321
jane smith,40.0,Male,Asthma,NONE,,120/80,200.0,no_email@example.com,
robert brown,60.0,Male,Diabetes,ATORVASTATIN,,140/90,189.23276983094928,patient@example.com,000-000-0000
michael wilson,45.76694411414982,Other,Hypertension,ATORVASTATIN,2020-01-15,140/90,160.0,no_email@example.com,098-765-4321
james taylor,25.0,Other,Hypertension,NONE,,120/80,180.0,contact@domain.com,000-000-0000
jane smith,35.0,Female,Asthma,NONE,,130/85,160.0,patient@example.com,
mary clark,60.0,Other,Diabetes,METFORMIN,,110/70,180.0,contact@domain.com,000-000-0000
laura martinez,25.0,Other,Asthma,ATORVASTATIN,2020-01-15,130/85,189.23276983094928,patient@example.com,555-555-5555
jane smith,60.0,Male,Heart Disease,ALBUTEROL,,140/90,200.0,no_email@example.com,
michael wilson,60.0,Female,Diabetes,ATORVASTATIN,,110/70,160.0,patient@example.com,000-000-0000
david lee,35.0,Other,Hypertension,ATORVASTATIN,,130/85,180.0,contact@domain.com,123-456-7890
laura martinez,45.76694411414982,Other,Asthma,NONE,,130/85,220.0,no_email@example.com,000-000-0000
john doe,40.0,Male,Asthma,ATORVASTATIN,2020-01-15,110/70,189.23276983094928,contact@domain.com,555-555-5555
sarah johnson,70.0,Male,Heart Disease,ATORVASTATIN,,140/90,200.0,name@hospital.org,098-765-4321
john doe,45.76694411414982,Other,Asthma,ALBUTEROL,2020-01-15,130/85,189.23276983094928,name@hospital.org,098-765-4321
jane smith,70.0,Female,Asthma,NONE,,110/70,220.0,name@hospital.org,098-765-4321
john doe,35.0,Female,Diabetes,ATORVASTATIN,,140/90,200.0,name@hospital.org,123-456-7890
michael wilson,35.0,Male,Asthma,LISINOPRIL,2020-01-15,110/70,220.0,no_email@example.com,555-555-5555
mary clark,35.0,Male,Heart Disease,METFORMIN,,110/70,189.23276983094928,no_email@example.com,
james taylor,25.0,Other,Diabetes,ALBUTEROL,,130/85,180.0,no_email@example.com,098-765-4321
sarah johnson,70.0,Male,Asthma,ATORVASTATIN,,140/90,189.23276983094928,contact@domain.com,555-555-5555
john doe,45.76694411414982,Other,Diabetes,LISINOPRIL,2020-01-15,130/85,189.23276983094928,patient@example.com,000-000-0000
john doe,45.76694411414982,Female,Diabetes,ATORVASTATIN,,120/80,189.23276983094928,contact@domain.com,123-456-7890
jane smith,60.0,Female,Asthma,ATORVASTATIN,,120/80,160.0,contact@domain.com,555-555-5555
james taylor,60.0,Other,Asthma,NONE,,140/90,220.0,contact@domain.com,555-555-5555
robert brown,60.0,Male,Heart Disease,NONE,,110/70,220.0,contact@domain.com,
john doe,35.0,Female,Heart Disease,NONE,2020-01-15,130/85,220.0,no_email@example.com,555-555-5555
michael wilson,45.76694411414982,Male,Asthma,LISINOPRIL,,130/85,160.0,patient@example.com,
david lee,70.0,Female,Asthma,ATORVASTATIN,,140/90,180.0,contact@domain.com,123-456-7890
sarah johnson,35.0,Other,Hypertension,METFORMIN,,140/90,189.23276983094928,no_email@example.com,123-456-7890
john doe,25.0,Other,Diabetes,ALBUTEROL,,120/80,180.0,contact@domain.com,000-000-0000
michael wilson,60.0,Other,Asthma,NONE,,120/80,160.0,name@hospital.org,
michael wilson,35.0,Female,Asthma,NONE,,140/90,220.0,contact@domain.com,
sarah johnson,35.0,Male,Diabetes,ATORVASTATIN,2020-01-15,120/80,189.23276983094928,contact@domain.com,098-765-4321
robert brown,25.0,Male,Heart Disease,ATORVASTATIN,,140/90,200.0,no_email@example.com,098-765-4321
michael wilson,40.0,Male,Hypertension,LISINOPRIL,2020-01-15,110/70,200.0,name@hospital.org,000-000-0000
david lee,45.76694411414982,Female,Heart Disease,LISINOPRIL,,110/70,180.0,patient@example.com,123-456-7890
michael wilson,70.0,Female,Asthma,NONE,2020-01-15,120/80,220.0,contact@domain.com,098-765-4321
michael wilson,40.0,Female,Diabetes,ATORVASTATIN,2020-01-15,120/80,200.0,patient@example.com,555-555-5555
michael wilson,60.0,Female,Asthma,METFORMIN,,120/80,180.0,name@hospital.org,123-456-7890
mary clark,35.0,Female,Diabetes,ALBUTEROL,,140/90,160.0,contact@domain.com,555-555-5555
mary clark,25.0,Male,Asthma,ATORVASTATIN,2020-01-15,130/85,180.0,no_email@example.com,
robert brown,25.0,Female,Hypertension,ATORVASTATIN,,120/80,180.0,no_email@example.com,123-456-7890
john doe,45.76694411414982,Female,Asthma,LISINOPRIL,,130/85,180.0,no_email@example.com,000-000-0000
michael wilson,40.0,Male,Asthma,ALBUTEROL,,130/85,189.23276983094928,no_email@example.com,
james taylor,45.76694411414982,Female,Asthma,NONE,,140/90,180.0,no_email@example.com,
john doe,35.0,Male,Hypertension,ATORVASTATIN,2020-01-15,120/80,180.0,no_email@example.com,555-555-5555
robert brown,45.76694411414982,Male,Diabetes,NONE,2020-01-15,140/90,189.23276983094928,no_email@example.com,
emily davis,70.0,Other,Diabetes,ATORVASTATIN,,120/80,189.23276983094928,contact@domain.com,098-765-4321
john doe,25.0,Other,Heart Disease,NONE,,130/85,160.0,patient@example.com,123-456-7890
john doe,25.0,Other,Diabetes,ALBUTEROL,,140/90,220.0,patient@example.com,098-765-4321
laura martinez,60.0,Other,Asthma,LISINOPRIL,,140/90,200.0,no_email@example.com,555-555-5555
jane smith,60.0,Female,Asthma,ALBUTEROL,,140/90,200.0,no_email@example.com,555-555-5555
laura martinez,35.0,Other,Asthma,METFORMIN,2020-01-15,120/80,180.0,name@hospital.org,123-456-7890
david lee,70.0,Male,Asthma,LISINOPRIL,,120/80,160.0,no_email@example.com,
mary clark,40.0,Female,Hypertension,ALBUTEROL,,140/90,180.0,no_email@example.com,000-000-0000
mary clark,45.76694411414982,Other,Diabetes,METFORMIN,,120/80,200.0,no_email@example.com,555-555-5555
jane smith,35.0,Male,Asthma,ATORVASTATIN,,130/85,189.23276983094928,contact@domain.com,123-456-7890
sarah johnson,60.0,Female,Hypertension,ATORVASTATIN,2020-01-15,110/70,220.0,contact@domain.com,000-000-0000
sarah johnson,45.76694411414982,Female,Heart Disease,NONE,,120/80,160.0,patient@example.com,
robert brown,60.0,Other,Asthma,LISINOPRIL,2020-01-15,110/70,189.23276983094928,patient@example.com,555-555-5555
jane smith,45.76694411414982,Female,Asthma,ATORVASTATIN,,140/90,220.0,name@hospital.org,123-456-7890
john doe,40.0,Male,Asthma,LISINOPRIL,,140/90,160.0,name@hospital.org,123-456-7890
sarah johnson,35.0,Female,Asthma,ATORVASTATIN,,120/80,160.0,name@hospital.org,123-456-7890
michael wilson,45.76694411414982,Male,Asthma,NONE,,110/70,200.0,name@hospital.org,555-555-5555
james taylor,70.0,Female,Diabetes,ALBUTEROL,,140/90,189.23276983094928,no_email@example.com,000-000-0000
john doe,25.0,Other,Asthma,NONE,,130/85,160.0,no_email@example.com,123-456-7890
david lee,70.0,Male,Asthma,METFORMIN,,120/80,160.0,patient@example.com,
michael wilson,70.0,Female,Asthma,ATORVASTATIN,,120/80,220.0,contact@domain.com,123-456-7890
michael wilson,25.0,Female,Heart Disease,METFORMIN,,140/90,200.0,contact@domain.com,000-000-0000
jane smith,70.0,Female,Heart Disease,METFORMIN,,110/70,180.0,no_email@example.com,555-555-5555
robert brown,45.76694411414982,Male,Asthma,LISINOPRIL,2020-01-15,140/90,200.0,no_email@example.com,123-456-7890
david lee,45.76694411414982,Male,Diabetes,ATORVASTATIN,,110/70,180.0,name@hospital.org,123-456-7890
sarah johnson,45.76694411414982,Male,Diabetes,METFORMIN,,130/85,189.23276983094928,name@hospital.org,
jane smith,25.0,Other,Hypertension,ALBUTEROL,,110/70,189.23276983094928,no_email@example.com,
sarah johnson,70.0,Other,Asthma,METFORMIN,,140/90,160.0,contact@domain.com,123-456-7890
jane smith,25.0,Male,Asthma,ALBUTEROL,,130/85,189.23276983094928,name@hospital.org,123-456-7890
jane smith,45.76694411414982,Female,Asthma,LISINOPRIL,,120/80,160.0,contact@domain.com,
jane smith,70.0,Other,Hypertension,METFORMIN,,120/80,200.0,no_email@example.com,000-000-0000
robert brown,70.0,Male,Asthma,NONE,,140/90,189.23276983094928,contact@domain.com,098-765-4321
jane smith,60.0,Female,Asthma,LISINOPRIL,,140/90,200.0,contact@domain.com,098-765-4321
emily davis,60.0,Other,Hypertension,ALBUTEROL,2020-01-15,140/90,200.0,contact@domain.com,123-456-7890
james taylor,40.0,Female,Diabetes,LISINOPRIL,,130/85,189.23276983094928,name@hospital.org,
sarah johnson,35.0,Female,Asthma,METFORMIN,2020-01-15,120/80,200.0,patient@example.com,555-555-5555
john doe,60.0,Female,Hypertension,ATORVASTATIN,,110/70,189.23276983094928,no_email@example.com,555-555-5555
laura martinez,25.0,Female,Heart Disease,ATORVASTATIN,,120/80,189.23276983094928,contact@domain.com,098-765-4321
david lee,60.0,Other,Diabetes,ALBUTEROL,,130/85,189.23276983094928,contact@domain.com,000-000-0000
mary clark,40.0,Other,Heart Disease,ALBUTEROL,,140/90,180.0,contact@domain.com,098-765-4321
robert brown,70.0,Other,Diabetes,ATORVASTATIN,,120/80,200.0,patient@example.com,123-456-7890
john doe,40.0,Male,Asthma,ALBUTEROL,,140/90,220.0,no_email@example.com,000-000-0000
michael wilson,70.0,Other,Asthma,LISINOPRIL,,110/70,189.23276983094928,name@hospital.org,555-555-5555
emily davis,70.0,Female,Asthma,NONE,,120/80,200.0,patient@example.com,
mary clark,35.0,Other,Heart Disease,NONE,,140/90,160.0,contact@domain.com,
laura martinez,60.0,Female,Diabetes,LISINOPRIL,,120/80,189.23276983094928,patient@example.com,123-456-7890
john doe,25.0,Male,Asthma,NONE,2020-01-15,120/80,189.23276983094928,patient@example.com,098-765-4321
mary clark,25.0,Female,Hypertension,METFORMIN,,130/85,220.0,patient@example.com,123-456-7890
john doe,45.76694411414982,Female,Asthma,LISINOPRIL,,140/90,180.0,no_email@example.com,
emily davis,70.0,Female,Hypertension,ALBUTEROL,,110/70,180.0,no_email@example.com,555-555-5555
laura martinez,25.0,Male,Diabetes,LISINOPRIL,,120/80,189.23276983094928,name@hospital.org,
michael wilson,35.0,Other,Asthma,ATORVASTATIN,,140/90,200.0,no_email@example.com,000-000-0000
jane smith,70.0,Other,Asthma,ALBUTEROL,,120/80,160.0,no_email@example.com,
sarah johnson,35.0,Male,Diabetes,ATORVASTATIN,,110/70,160.0,no_email@example.com,
michael wilson,25.0,Female,Asthma,ALBUTEROL,,140/90,200.0,no_email@example.com,000-000-0000
jane smith,25.0,Other,Hypertension,NONE,,110/70,189.23276983094928,patient@example.com,098-765-4321
robert brown,45.76694411414982,Male,Asthma,LISINOPRIL,2020-01-15,120/80,160.0,patient@example.com,
james taylor,25.0,Other,Heart Disease,METFORMIN,,110/70,180.0,contact@domain.com,123-456-7890
david lee,70.0,Male,Asthma,ALBUTEROL,2020-01-15,120/80,200.0,no_email@example.com,
david lee,70.0,Female,Hypertension,ALBUTEROL,,140/90,220.0,contact@domain.com,123-456-7890
sarah johnson,70.0,Other,Heart Disease,ATORVASTATIN,,120/80,189.23276983094928,name@hospital.org,000-000-0000
laura martinez,45.76694411414982,Male,Diabetes,NONE,,140/90,200.0,patient@example.com,
emily davis,45.76694411414982,Other,Hypertension,ATORVASTATIN,,140/90,160.0,name@hospital.org,000-000-0000
laura martinez,25.0,Other,Asthma,ATORVASTATIN,2020-01-15,130/85,189.23276983094928,no_email@example.com,000-000-0000
emily davis,40.0,Other,Asthma,NONE,,140/90,180.0,patient@example.com,098-765-4321
laura martinez,40.0,Other,Diabetes,METFORMIN,,120/80,189.23276983094928,name@hospital.org,
james taylor,45.76694411414982,Male,Diabetes,ATORVASTATIN,,130/85,189.23276983094928,no_email@example.com,123-456-7890
robert brown,25.0,Female,Hypertension,ATORVASTATIN,2020-01-15,130/85,180.0,name@hospital.org,123-456-7890
robert brown,40.0,Male,Asthma,ALBUTEROL,,140/90,180.0,no_email@example.com,
jane smith,25.0,Male,Diabetes,NONE,,110/70,189.23276983094928,no_email@example.com,098-765-4321
mary clark,25.0,Male,Asthma,LISINOPRIL,,110/70,180.0,patient@example.com,098-765-4321
robert brown,25.0,Female,Heart Disease,METFORMIN,,130/85,200.0,contact@domain.com,098-765-4321
robert brown,60.0,Other,Asthma,METFORMIN,,140/90,180.0,no_email@example.com,123-456-7890
michael wilson,70.0,Other,Asthma,NONE,,110/70,180.0,no_email@example.com,000-000-0000
michael wilson,25.0,Other,Asthma,ALBUTEROL,,140/90,189.23276983094928,patient@example.com,098-765-4321
jane smith,60.0,Female,Asthma,ALBUTEROL,,140/90,200.0,contact@domain.com,123-456-7890
mary clark,45.76694411414982,Other,Heart Disease,NONE,,130/85,220.0,no_email@example.com,123-456-7890
sarah johnson,40.0,Female,Diabetes,ALBUTEROL,,130/85,220.0,no_email@example.com,000-000-0000
michael wilson,70.0,Other,Heart Disease,METFORMIN,,120/80,160.0,contact@domain.com,
sarah johnson,40.0,Other,Diabetes,METFORMIN,,110/70,180.0,name@hospital.org,
john doe,70.0,Male,Diabetes,LISINOPRIL,,110/70,180.0,patient@example.com,098-765-4321
michael wilson,40.0,Female,Asthma,NONE,2020-01-15,110/70,200.0,contact@domain.com,098-765-4321
james taylor,70.0,Male,Heart Disease,ATORVASTATIN,,120/80,220.0,no_email@example.com,000-000-0000
mary clark,40.0,Male,Asthma,ATORVASTATIN,,140/90,160.0,no_email@example.com,098-765-4321
jane smith,40.0,Male,Heart Disease,LISINOPRIL,,130/85,200.0,no_email@example.com,000-000-0000
john doe,40.0,Female,Asthma,LISINOPRIL,,110/70,180.0,no_email@example.com,123-456-7890
mary clark,40.0,Female,Diabetes,ALBUTEROL,,120/80,220.0,patient@example.com,098-765-4321
james taylor,45.76694411414982,Other,Asthma,LISINOPRIL,,110/70,160.0,no_email@example.com,123-456-7890
mary clark,25.0,Male,Hypertension,LISINOPRIL,,140/90,189.23276983094928,contact@domain.com,555-555-5555
james taylor,35.0,Other,Hypertension,ATORVASTATIN,,140/90,220.0,no_email@example.com,000-000-0000
james taylor,60.0,Male,Asthma,ALBUTEROL,2020-01-15,130/85,160.0,name@hospital.org,555-555-5555
sarah johnson,35.0,Female,Asthma,LISINOPRIL,,120/80,200.0,contact@domain.com,098-765-4321
laura martinez,35.0,Female,Asthma,LISINOPRIL,,130/85,189.23276983094928,patient@example.com,123-456-7890
john doe,70.0,Female,Asthma,ALBUTEROL,,110/70,160.0,contact@domain.com,098-765-4321
mary clark,25.0,Male,Hypertension,NONE,,120/80,160.0,name@hospital.org,555-555-5555
emily davis,70.0,Female,Asthma,ALBUTEROL,,130/85,180.0,patient@example.com,098-765-4321
john doe,25.0,Male,Hypertension,ATORVASTATIN,2020-01-15,120/80,220.0,no_email@example.com,
laura martinez,25.0,Other,Diabetes,NONE,2020-01-15,130/85,180.0,name@hospital.org,555-555-5555
john doe,40.0,Male,Asthma,METFORMIN,,140/90,189.23276983094928,patient@example.com,098-765-4321
robert brown,45.76694411414982,Other,Asthma,ALBUTEROL,,110/70,160.0,no_email@example.com,123-456-7890
emily davis,40.0,Male,Hypertension,ATORVASTATIN,,110/70,180.0,contact@domain.com,098-765-4321
laura martinez,45.76694411414982,Other,Heart Disease,NONE,,110/70,220.0,patient@example.com,123-456-7890
sarah johnson,70.0,Female,Asthma,ALBUTEROL,,110/70,189.23276983094928,contact@domain.com,
mary clark,45.76694411414982,Other,Diabetes,LISINOPRIL,2020-01-15,110/70,200.0,no_email@example.com,098-765-4321
david lee,70.0,Female,Diabetes,ALBUTEROL,2020-01-15,110/70,180.0,patient@example.com,
laura martinez,35.0,Female,Heart Disease,METFORMIN,,120/80,189.23276983094928,no_email@example.com,555-555-5555
jane smith,35.0,Other,Hypertension,ALBUTEROL,,120/80,200.0,name@hospital.org,123-456-7890
mary clark,45.76694411414982,Male,Asthma,NONE,,110/70,180.0,patient@example.com,555-555-5555
laura martinez,45.76694411414982,Male,Hypertension,NONE,,120/80,189.23276983094928,no_email@example.com,123-456-7890
robert brown,70.0,Male,Diabetes,ALBUTEROL,,110/70,189.23276983094928,patient@example.com,
david lee,40.0,Male,Hypertension,NONE,,130/85,180.0,contact@domain.com,000-000-0000
robert brown,70.0,Male,Diabetes,LISINOPRIL,,110/70,189.23276983094928,patient@example.com,098-765-4321
david lee,40.0,Female,Hypertension,ALBUTEROL,,140/90,160.0,no_email@example.com,
jane smith,35.0,Male,Heart Disease,LISINOPRIL,,120/80,180.0,patient@example.com,123-456-7890
mary clark,25.0,Female,Asthma,LISINOPRIL,,130/85,189.23276983094928,name@hospital.org,123-456-7890
sarah johnson,45.76694411414982,Female,Heart Disease,ATORVASTATIN,,130/85,200.0,patient@example.com,123-456-7890
robert brown,40.0,Female,Heart Disease,ALBUTEROL,,140/90,200.0,contact@domain.com,123-456-7890
robert brown,70.0,Other,Asthma,NONE,,110/70,160.0,patient@example.com,098-765-4321
james taylor,35.0,Other,Asthma,LISINOPRIL,,120/80,180.0,no_email@example.com,555-555-5555
david lee,40.0,Female,Asthma,ATORVASTATIN,,130/85,189.23276983094928,no_email@example.com,000-000-0000
michael wilson,70.0,Other,Asthma,ALBUTEROL,,120/80,189.23276983094928,patient@example.com,098-765-4321
mary clark,45.76694411414982,Male,Heart Disease,ALBUTEROL,,130/85,200.0,patient@example.com,123-456-7890
david lee,45.76694411414982,Male,Heart Disease,METFORMIN,,110/70,160.0,name@hospital.org,098-765-4321
james taylor,60.0,Female,Diabetes,METFORMIN,,130/85,200.0,no_email@example.com,
john doe,25.0,Male,Diabetes,LISINOPRIL,,130/85,200.0,no_email@example.com,123-456-7890
david lee,60.0,Female,Asthma,METFORMIN,,120/80,160.0,contact@domain.com,000-000-0000
sarah johnson,35.0,Female,Asthma,LISINOPRIL,,110/70,180.0,patient@example.com,123-456-7890
mary clark,40.0,Male,Diabetes,NONE,,140/90,189.23276983094928,no_email@example.com,000-000-0000
james taylor,35.0,Other,Diabetes,LISINOPRIL,,140/90,180.0,contact@domain.com,000-000-0000
john doe,70.0,Male,Hypertension,METFORMIN,,110/70,220.0,no_email@example.com,555-555-5555
emily davis,45.76694411414982,Male,Hypertension,NONE,,140/90,220.0,no_email@example.com,555-555-5555
james taylor,60.0,Female,Diabetes,METFORMIN,,110/70,220.0,no_email@example.com,098-765-4321
emily davis,60.0,Female,Hypertension,LISINOPRIL,,140/90,160.0,contact@domain.com,098-765-4321
mary clark,60.0,Female,Asthma,ATORVASTATIN,,120/80,200.0,no_email@example.com,000-000-0000
robert brown,35.0,Female,Asthma,ALBUTEROL,,140/90,180.0,no_email@example.com,123-456-7890
james taylor,45.76694411414982,Other,Asthma,METFORMIN,,130/85,189.23276983094928,no_email@example.com,
jane smith,40.0,Other,Diabetes,LISINOPRIL,,110/70,220.0,no_email@example.com,
emily davis,70.0,Other,Heart Disease,NONE,2020-01-15,120/80,180.0,no_email@example.com,123-456-7890
sarah johnson,40.0,Female,Diabetes,METFORMIN,,120/80,220.0,name@hospital.org,123-456-7890
jane smith,35.0,Female,Hypertension,METFORMIN,,110/70,220.0,contact@domain.com,555-555-5555
laura martinez,70.0,Female,Heart Disease,ALBUTEROL,,120/80,189.23276983094928,no_email@example.com,
laura martinez,60.0,Other,Hypertension,LISINOPRIL,2020-01-15,140/90,160.0,no_email@example.com,000-000-0000
john doe,25.0,Female,Asthma,ATORVASTATIN,,120/80,200.0,contact@domain.com,098-765-4321
robert brown,35.0,Male,Hypertension,NONE,2020-01-15,120/80,160.0,contact@domain.com,555-555-5555
mary clark,35.0,Male,Asthma,LISINOPRIL,2020-01-15,110/70,180.0,contact@domain.com,
james taylor,45.76694411414982,Female,Asthma,NONE,,110/70,160.0,contact@domain.com,123-456-7890
michael wilson,40.0,Male,Hypertension,METFORMIN,,120/80,180.0,patient@example.com,
sarah johnson,35.0,Male,Hypertension,ALBUTEROL,2020-01-15,120/80,180.0,no_email@example.com,000-000-0000
emily davis,35.0,Other,Asthma,ALBUTEROL,,140/90,200.0,patient@example.com,555-555-5555
mary clark,60.0,Female,Heart Disease,ATORVASTATIN,,130/85,189.23276983094928,no_email@example.com,123-456-7890
jane smith,60.0,Female,Asthma,ALBUTEROL,2020-01-15,130/85,200.0,no_email@example.com,000-000-0000
laura martinez,70.0,Other,Asthma,METFORMIN,2020-01-15,140/90,160.0,no_email@example.com,098-765-4321
sarah johnson,25.0,Male,Asthma,ATORVASTATIN,,130/85,180.0,no_email@example.com,555-555-5555
michael wilson,45.76694411414982,Male,Heart Disease,LISINOPRIL,,120/80,220.0,contact@domain.com,000-000-0000
james taylor,25.0,Female,Asthma,ALBUTEROL,2020-01-15,130/85,220.0,patient@example.com,000-000-0000
john doe,70.0,Male,Diabetes,ATORVASTATIN,2020-01-15,140/90,180.0,contact@domain.com,123-456-7890
michael wilson,60.0,Other,Diabetes,METFORMIN,,130/85,200.0,no_email@example.com,098-765-4321
sarah johnson,40.0,Other,Heart Disease,NONE,,110/70,189.23276983094928,patient@example.com,000-000-0000
michael wilson,60.0,Female,Asthma,NONE,2020-01-15,120/80,200.0,contact@domain.com,555-555-5555
sarah johnson,45.76694411414982,Other,Hypertension,METFORMIN,,120/80,180.0,no_email@example.com,000-000-0000
sarah johnson,60.0,Other,Heart Disease,METFORMIN,2020-01-15,110/70,180.0,contact@domain.com,
david lee,45.76694411414982,Female,Asthma,NONE,,110/70,189.23276983094928,no_email@example.com,555-555-5555
emily davis,45.76694411414982,Other,Asthma,ATORVASTATIN,,140/90,160.0,patient@example.com,555-555-5555
laura martinez,45.76694411414982,Other,Diabetes,NONE,,120/80,160.0,no_email@example.com,000-000-0000
david lee,70.0,Other,Asthma,METFORMIN,2020-01-15,120/80,189.23276983094928,patient@example.com,123-456-7890
james taylor,45.76694411414982,Male,Heart Disease,ALBUTEROL,,120/80,160.0,no_email@example.com,555-555-5555
david lee,45.76694411414982,Female,Asthma,LISINOPRIL,,140/90,220.0,patient@example.com,
robert brown,40.0,Female,Heart Disease,ALBUTEROL,,120/80,160.0,no_email@example.com,123-456-7890
robert brown,25.0,Female,Hypertension,ALBUTEROL,,130/85,160.0,no_email@example.com,123-456-7890
laura martinez,35.0,Male,Diabetes,METFORMIN,,110/70,160.0,name@hospital.org,123-456-7890
michael wilson,25.0,Male,Asthma,NONE,,120/80,220.0,patient@example.com,555-555-5555
emily davis,45.76694411414982,Female,Heart Disease,ATORVASTATIN,,110/70,160.0,patient@example.com,123-456-7890
laura martinez,40.0,Male,Asthma,ALBUTEROL,2020-01-15,140/90,220.0,contact@domain.com,000-000-0000
sarah johnson,60.0,Female,Diabetes,NONE,,130/85,189.23276983094928,no_email@example.com,123-456-7890
jane smith,40.0,Male,Hypertension,ATORVASTATIN,,140/90,200.0,name@hospital.org,
emily davis,45.76694411414982,Other,Heart Disease,ALBUTEROL,,130/85,189.23276983094928,no_email@example.com,098-765-4321
emily davis,40.0,Other,Hypertension,ATORVASTATIN,2020-01-15,130/85,200.0,contact@domain.com,
sarah johnson,40.0,Female,Hypertension,NONE,,110/70,189.23276983094928,name@hospital.org,555-555-5555
sarah johnson,45.76694411414982,Male,Asthma,LISINOPRIL,,140/90,200.0,no_email@example.com,123-456-7890
john doe,70.0,Male,Asthma,NONE,2020-01-15,140/90,200.0,name@hospital.org,123-456-7890
laura martinez,40.0,Other,Heart Disease,METFORMIN,,120/80,180.0,patient@example.com,000-000-0000
sarah johnson,35.0,Other,Asthma,ATORVASTATIN,2020-01-15,140/90,200.0,patient@example.com,123-456-7890
robert brown,35.0,Male,Heart Disease,LISINOPRIL,,120/80,200.0,contact@domain.com,
james taylor,40.0,Male,Asthma,ATORVASTATIN,,120/80,180.0,no_email@example.com,555-555-5555
jane smith,70.0,Male,Hypertension,ATORVASTATIN,,120/80,160.0,no_email@example.com,098-765-4321
laura martinez,60.0,Male,Diabetes,ALBUTEROL,,120/80,160.0,name@hospital.org,123-456-7890
mary clark,45.76694411414982,Male,Heart Disease,METFORMIN,,140/90,180.0,contact@domain.com,098-765-4321
robert brown,35.0,Male,Heart Disease,ATORVASTATIN,,140/90,220.0,no_email@example.com,123-456-7890
michael wilson,60.0,Female,Asthma,NONE,2020-01-15,120/80,200.0,patient@example.com,555-555-5555
sarah johnson,40.0,Male,Hypertension,NONE,,130/85,200.0,name@hospital.org,
mary clark,60.0,Other,Hypertension,ALBUTEROL,,120/80,180.0,no_email@example.com,555-555-5555
sarah johnson,25.0,Female,Asthma,METFORMIN,,120/80,180.0,patient@example.com,098-765-4321
emily davis,35.0,Male,Hypertension,METFORMIN,,120/80,220.0,contact@domain.com,123-456-7890
robert brown,40.0,Other,Asthma,NONE,,130/85,160.0,no_email@example.com,098-765-4321
emily davis,45.76694411414982,Female,Diabetes,LISINOPRIL,,140/90,189.23276983094928,patient@example.com,
john doe,70.0,Other,Heart Disease,ALBUTEROL,,120/80,160.0,no_email@example.com,555-555-5555
emily davis,40.0,Male,Diabetes,ALBUTEROL,,120/80,200.0,no_email@example.com,098-765-4321
john doe,45.76694411414982,Male,Heart Disease,NONE,,120/80,180.0,contact@domain.com,098-765-4321
john doe,70.0,Male,Asthma,NONE,,140/90,220.0,patient@example.com,
mary clark,70.0,Male,Hypertension,LISINOPRIL,2020-01-15,120/80,160.0,name@hospital.org,123-456-7890
sarah johnson,40.0,Female,Asthma,LISINOPRIL,,130/85,220.0,patient@example.com,098-765-4321
michael wilson,60.0,Female,Asthma,METFORMIN,,140/90,160.0,no_email@example.com,
emily davis,60.0,Other,Diabetes,ALBUTEROL,,120/80,200.0,contact@domain.com,123-456-7890
robert brown,70.0,Male,Asthma,ALBUTEROL,,110/70,189.23276983094928,contact@domain.com,123-456-7890
john doe,60.0,Other,Hypertension,NONE,,120/80,220.0,name@hospital.org,555-555-5555
sarah johnson,25.0,Female,Asthma,METFORMIN,,130/85,220.0,contact@domain.com,
jane smith,70.0,Male,Asthma,ALBUTEROL,,130/85,189.23276983094928,contact@domain.com,123-456-7890
laura martinez,70.0,Male,Asthma,METFORMIN,2020-01-15,130/85,220.0,contact@domain.com,555-555-5555
mary clark,45.76694411414982,Female,Asthma,METFORMIN,2020-01-15,120/80,220.0,contact@domain.com,000-000-0000
michael wilson,60.0,Female,Hypertension,NONE,,120/80,160.0,contact@domain.com,
david lee,70.0,Female,Heart Disease,METFORMIN,,140/90,160.0,no_email@example.com,000-000-0000
mary clark,25.0,Female,Asthma,LISINOPRIL,,120/80,189.23276983094928,patient@example.com,123-456-7890
jane smith,45.76694411414982,Female,Hypertension,LISINOPRIL,,140/90,200.0,no_email@example.com,
laura martinez,40.0,Male,Asthma,ATORVASTATIN,,130/85,220.0,contact@domain.com,555-555-5555
jane smith,70.0,Female,Hypertension,NONE,,120/80,200.0,no_email@example.com,123-456-7890
emily davis,25.0,Male,Heart Disease,ATORVASTATIN,,130/85,189.23276983094928,no_email@example.com,
john doe,35.0,Male,Asthma,LISINOPRIL,,110/70,189.23276983094928,no_email@example.com,
michael wilson,25.0,Female,Heart Disease,ATORVASTATIN,,130/85,160.0,contact@domain.com,000-000-0000
james taylor,25.0,Female,Diabetes,NONE,2020-01-15,130/85,220.0,no_email@example.com,123-456-7890
john doe,45.76694411414982,Male,Asthma,NONE,,140/90,180.0,contact@domain.com,555-555-5555
james taylor,40.0,Female,Heart Disease,METFORMIN,,110/70,189.23276983094928,name@hospital.org,555-555-5555
laura martinez,35.0,Female,Asthma,ALBUTEROL,,130/85,220.0,name@hospital.org,123-456-7890
sarah johnson,60.0,Female,Asthma,METFORMIN,,130/85,200.0,name@hospital.org,123-456-7890
david lee,60.0,Other,Asthma,NONE,,110/70,160.0,no_email@example.com,098-765-4321
robert brown,25.0,Male,Hypertension,LISINOPRIL,2020-01-15,110/70,200.0,name@hospital.org,000-000-0000
john doe,45.76694411414982,Other,Asthma,LISINOPRIL,,120/80,189.23276983094928,no_email@example.com,123-456-7890
michael wilson,45.76694411414982,Female,Diabetes,METFORMIN,,140/90,189.23276983094928,no_email@example.com,123-456-7890
jane smith,60.0,Other,Heart Disease,NONE,,110/70,200.0,no_email@example.com,098-765-4321
michael wilson,35.0,Female,Hypertension,LISINOPRIL,,110/70,189.23276983094928,contact@domain.com,098-765-4321
laura martinez,40.0,Other,Heart Disease,NONE,,120/80,220.0,patient@example.com,
james taylor,35.0,Female,Diabetes,LISINOPRIL,,110/70,189.23276983094928,contact@domain.com,555-555-5555
jane smith,70.0,Other,Diabetes,NONE,,140/90,160.0,contact@domain.com,000-000-0000
robert brown,70.0,Other,Asthma,ATORVASTATIN,,130/85,220.0,contact@domain.com,
robert brown,40.0,Other,Diabetes,NONE,,130/85,180.0,contact@domain.com,123-456-7890
john doe,60.0,Male,Heart Disease,NONE,,130/85,189.23276983094928,patient@example.com,098-765-4321
laura martinez,40.0,Other,Asthma,METFORMIN,,130/85,189.23276983094928,name@hospital.org,555-555-5555
sarah johnson,45.76694411414982,Male,Asthma,ATORVASTATIN,,120/80,160.0,contact@domain.com,
laura martinez,70.0,Female,Asthma,ALBUTEROL,,110/70,160.0,no_email@example.com,555-555-5555
james taylor,25.0,Other,Heart Disease,METFORMIN,,130/85,200.0,no_email@example.com,098-765-4321
michael wilson,25.0,Female,Heart Disease,ALBUTEROL,,120/80,200.0,no_email@example.com,
robert brown,60.0,Female,Diabetes,LISINOPRIL,2020-01-15,130/85,200.0,no_email@example.com,
michael wilson,45.76694411414982,Other,Heart Disease,ALBUTEROL,2020-01-15,110/70,160.0,contact@domain.com,555-555-5555
michael wilson,35.0,Male,Hypertension,NONE,2020-01-15,130/85,200.0,patient@example.com,098-765-4321
michael wilson,45.76694411414982,Other,Diabetes,ALBUTEROL,,120/80,200.0,name@hospital.org,123-456-7890
robert brown,25.0,Female,Hypertension,METFORMIN,,140/90,180.0,no_email@example.com,
mary clark,25.0,Female,Asthma,METFORMIN,,140/90,200.0,name@hospital.org,123-456-7890
emily davis,70.0,Other,Asthma,ALBUTEROL,,110/70,189.23276983094928,patient@example.com,098-765-4321
james taylor,45.76694411414982,Male,Asthma,METFORMIN,,140/90,160.0,no_email@example.com,
mary clark,45.76694411414982,Male,Asthma,METFORMIN,,140/90,220.0,name@hospital.org,
james taylor,25.0,Female,Asthma,ALBUTEROL,2020-01-15,120/80,180.0,patient@example.com,123-456-7890
jane smith,35.0,Female,Heart Disease,ATORVASTATIN,,110/70,160.0,name@hospital.org,000-000-0000
laura martinez,60.0,Male,Hypertension,ATORVASTATIN,2020-01-15,110/70,160.0,contact@domain.com,123-456-7890
laura martinez,60.0,Other,Asthma,LISINOPRIL,,140/90,189.23276983094928,patient@example.com,123-456-7890
david lee,45.76694411414982,Female,Diabetes,METFORMIN,,140/90,200.0,name@hospital.org,000-000-0000
laura martinez,60.0,Male,Hypertension,ALBUTEROL,,140/90,189.23276983094928,contact@domain.com,098-765-4321
robert brown,25.0,Female,Diabetes,METFORMIN,,120/80,200.0,contact@domain.com,098-765-4321
sarah johnson,25.0,Other,Hypertension,NONE,,130/85,200.0,patient@example.com,
john doe,45.76694411414982,Male,Hypertension,METFORMIN,,120/80,160.0,no_email@example.com,555-555-5555
david lee,45.76694411414982,Female,Asthma,METFORMIN,,110/70,200.0,no_email@example.com,555-555-5555
john doe,70.0,Other,Asthma,ATORVASTATIN,,120/80,180.0,patient@example.com,
james taylor,45.76694411414982,Female,Asthma,ALBUTEROL,,130/85,180.0,contact@domain.com,555-555-5555
john doe,35.0,Other,Hypertension,METFORMIN,,120/80,180.0,contact@domain.com,123-456-7890
john doe,60.0,Other,Heart Disease,ATORVASTATIN,,110/70,160.0,patient@example.com,123-456-7890
david lee,45.76694411414982,Male,Heart Disease,LISINOPRIL,2020-01-15,110/70,189.23276983094928,no_email@example.com,000-000-0000
jane smith,40.0,Other,Diabetes,ATORVASTATIN,,120/80,220.0,no_email@example.com,000-000-0000
michael wilson,70.0,Female,Diabetes,ATORVASTATIN,,120/80,200.0,name@hospital.org,
laura martinez,40.0,Other,Asthma,ATORVASTATIN,2020-01-15,120/80,220.0,patient@example.com,
laura martinez,25.0,Other,Hypertension,METFORMIN,,110/70,189.23276983094928,no_email@example.com,
robert brown,60.0,Male,Diabetes,METFORMIN,,140/90,189.23276983094928,no_email@example.com,123-456-7890
david lee,45.76694411414982,Other,Diabetes,LISINOPRIL,,120/80,160.0,contact@domain.com,555-555-5555
robert brown,40.0,Other,Hypertension,NONE,,130/85,180.0,name@hospital.org,
sarah johnson,60.0,Female,Asthma,NONE,2020-01-15,110/70,180.0,patient@example.com,
sarah johnson,25.0,Male,Diabetes,NONE,,120/80,189.23276983094928,contact@domain.com,123-456-7890
robert brown,35.0,Male,Asthma,LISINOPRIL,,120/80,160.0,contact@domain.com,123-456-7890
david lee,70.0,Male,Asthma,NONE,,130/85,160.0,no_email@example.com,123-456-7890
robert brown,60.0,Other,Asthma,NONE,,140/90,200.0,no_email@example.com,555-555-5555
laura martinez,60.0,Male,Heart Disease,ATORVASTATIN,2020-01-15,120/80,180.0,patient@example.com,
mary clark,35.0,Other,Heart Disease,METFORMIN,,110/70,189.23276983094928,patient@example.com,098-765-4321
emily davis,60.0,Other,Asthma,METFORMIN,2020-01-15,120/80,220.0,patient@example.com,098-765-4321
john doe,25.0,Female,Heart Disease,ATORVASTATIN,,110/70,180.0,contact@domain.com,
emily davis,25.0,Female,Asthma,ATORVASTATIN,2020-01-15,120/80,200.0,no_email@example.com,
david lee,35.0,Female,Hypertension,ATORVASTATIN,,120/80,160.0,name@hospital.org,
emily davis,70.0,Female,Heart Disease,METFORMIN,,130/85,189.23276983094928,contact@domain.com,
sarah johnson,45.76694411414982,Female,Heart Disease,NONE,2020-01-15,140/90,180.0,name@hospital.org,555-555-5555
james taylor,40.0,Other,Asthma,ATORVASTATIN,,130/85,220.0,no_email@example.com,098-765-4321
john doe,45.76694411414982,Other,Asthma,LISINOPRIL,2020-01-15,140/90,200.0,no_email@example.com,000-000-0000
michael wilson,60.0,Male,Hypertension,ATORVASTATIN,,120/80,200.0,patient@example.com,098-765-4321
david lee,40.0,Other,Asthma,ALBUTEROL,,120/80,180.0,name@hospital.org,098-765-4321
john doe,35.0,Other,Asthma,ATORVASTATIN,,140/90,220.0,contact@domain.com,123-456-7890
emily davis,35.0,Female,Asthma,METFORMIN,,120/80,200.0,name@hospital.org,
sarah johnson,70.0,Other,Hypertension,ATORVASTATIN,,110/70,189.23276983094928,no_email@example.com,
jane smith,40.0,Female,Asthma,ALBUTEROL,,130/85,200.0,patient@example.com,
mary clark,25.0,Male,Hypertension,LISINOPRIL,,130/85,220.0,name@hospital.org,123-456-7890
michael wilson,40.0,Male,Asthma,NONE,2020-01-15,130/85,160.0,no_email@example.com,555-555-5555
mary clark,60.0,Other,Asthma,ATORVASTATIN,,120/80,160.0,contact@domain.com,555-555-5555
john doe,25.0,Male,Asthma,ALBUTEROL,,130/85,180.0,no_email@example.com,000-000-0000
sarah johnson,35.0,Other,Diabetes,ALBUTEROL,2020-01-15,110/70,220.0,contact@domain.com,555-555-5555
sarah johnson,40.0,Male,Heart Disease,LISINOPRIL,,110/70,200.0,patient@example.com,555-555-5555
emily davis,45.76694411414982,Female,Asthma,METFORMIN,,140/90,200.0,contact@domain.com,
laura martinez,70.0,Female,Diabetes,ATORVASTATIN,,120/80,160.0,contact@domain.com,098-765-4321
emily davis,45.76694411414982,Female,Heart Disease,ALBUTEROL,,110/70,160.0,contact@domain.com,555-555-5555
laura martinez,70.0,Female,Asthma,LISINOPRIL,2020-01-15,120/80,189.23276983094928,contact@domain.com,555-555-5555
laura martinez,60.0,Other,Hypertension,NONE,,120/80,160.0,patient@example.com,123-456-7890
michael wilson,45.76694411414982,Male,Heart Disease,ALBUTEROL,2020-01-15,120/80,189.23276983094928,no_email@example.com,000-000-0000
emily davis,40.0,Other,Asthma,LISINOPRIL,,110/70,200.0,name@hospital.org,123-456-7890
jane smith,40.0,Female,Diabetes,METFORMIN,2020-01-15,120/80,189.23276983094928,no_email@example.com,
robert brown,45.76694411414982,Other,Heart Disease,METFORMIN,,140/90,189.23276983094928,name@hospital.org,098-765-4321
robert brown,40.0,Male,Heart Disease,ALBUTEROL,,110/70,180.0,name@hospital.org,000-000-0000
emily davis,60.0,Other,Asthma,ALBUTEROL,,120/80,160.0,no_email@example.com,123-456-7890
emily davis,25.0,Male,Asthma,ATORVASTATIN,2020-01-15,120/80,189.23276983094928,patient@example.com,555-555-5555
mary clark,60.0,Other,Hypertension,LISINOPRIL,,120/80,200.0,no_email@example.com,555-555-5555
michael wilson,70.0,Male,Asthma,ALBUTEROL,,120/80,220.0,patient@example.com,000-000-0000
emily davis,60.0,Male,Hypertension,ATORVASTATIN,,110/70,189.23276983094928,name@hospital.org,555-555-5555
mary clark,70.0,Female,Asthma,ATORVASTATIN,,110/70,160.0,patient@example.com,123-456-7890
laura martinez,40.0,Male,Heart Disease,ALBUTEROL,2020-01-15,130/85,180.0,no_email@example.com,123-456-7890
sarah johnson,25.0,Female,Hypertension,METFORMIN,,130/85,200.0,no_email@example.com,555-555-5555
sarah johnson,40.0,Female,Diabetes,LISINOPRIL,2020-01-15,130/85,180.0,no_email@example.com,555-555-5555
laura martinez,35.0,Female,Diabetes,LISINOPRIL,2020-01-15,110/70,220.0,name@hospital.org,
david lee,40.0,Other,Asthma,METFORMIN,,140/90,189.23276983094928,no_email@example.com,098-765-4321
mary clark,70.0,Other,Asthma,ALBUTEROL,,110/70,189.23276983094928,name@hospital.org,000-000-0000
mary clark,40.0,Other,Asthma,LISINOPRIL,2020-01-15,120/80,160.0,no_email@example.com,123-456-7890
laura martinez,40.0,Other,Asthma,ALBUTEROL,,110/70,189.23276983094928,name@hospital.org,000-000-0000
jane smith,25.0,Male,Asthma,ALBUTEROL,,110/70,200.0,no_email@example.com,
james taylor,40.0,Male,Diabetes,ATORVASTATIN,,120/80,220.0,no_email@example.com,123-456-7890
